timestamp,value
0,57
10,0
20,33
30,32
40,24
50,45
60,20
70,5
80,53
90,39
100,46
110,35
120,25
130,36
140,10
150,3
160,51
170,51
180,49
190,30
200,38
210,6
220,30
230,13
240,39
250,5
260,0
270,33
280,36
290,45
300,21
310,43
320,45
330,24
340,6
350,54
360,53
370,30
380,0
390,45
400,57
410,32
420,32
430,7
440,22
450,47
460,36
470,32
480,19
490,15
500,0
510,52
520,17
530,58
540,5
550,11
560,0
570,9
580,46
590,13
600,15
610,50
620,21
630,45
640,50
650,31
660,54
670,57
680,32
690,24
700,9
710,46
720,7
730,30
740,14
750,46
760,14
770,37
780,37
790,46
800,49
810,57
820,56
830,29
840,16
850,47
860,51
870,41
880,29
890,28
900,60
910,6
920,25
930,25
940,48
950,11
960,39
970,40
980,25
990,53
1000,5
1010,0
1020,41
1030,54
1040,52
1050,0
1060,14
1070,6
1080,50
1090,13
1100,29
1110,47
1120,60
1130,3
1140,35
1150,12
1160,22
1170,26
1180,44
1190,42
1200,43
1210,12
1220,43
1230,34
1240,6
1250,16
1260,59
1270,59
1280,4
1290,26
1300,58
1310,51
1320,46
1330,10
1340,30
1350,57
1360,4
1370,13
1380,17
1390,15
1400,36
1410,2
1420,52
1430,35
1440,15
1450,58
1460,58
1470,58
1480,5
1490,15
1500,55
1510,17
1520,15
1530,42
1540,17
1550,49
1560,5
1570,40
1580,28
1590,46
1600,27
1610,41
1620,1
1630,27
1640,36
1650,21
1660,28
1670,60
1680,1
1690,23
1700,30
1710,44
1720,42
1730,49
1740,15
1750,56
1760,16
1770,14
1780,19
1790,8
1800,9
1810,42
1820,19
1830,11
1840,40
1850,59
1860,21
1870,30
1880,41
1890,20
1900,53
1910,15
1920,6
1930,53
1940,17
1950,36
1960,10
1970,1
1980,47
1990,52
2000,0
2010,21
2020,24
2030,15
2040,16
2050,54
2060,35
2070,23
2080,59
2090,25
2100,52
2110,11
2120,59
2130,5
2140,53
2150,10
2160,57
2170,42
2180,58
2190,32
2200,43
2210,40
2220,49
2230,37
2240,5
2250,2
2260,39
2270,5
2280,45
2290,7
2300,49
2310,16
2320,46
2330,60
2340,6
2350,58
2360,41
2370,19
2380,13
2390,10
2400,1
2410,33
2420,21
2430,14
2440,39
2450,3
2460,34
2470,54
2480,17
2490,36
2500,53
2510,55
2520,24
2530,30
2540,5
2550,18
2560,1
2570,52
2580,13
2590,3
2600,0
2610,50
2620,52
2630,57
2640,29
2650,52
2660,48
2670,1
2680,58
2690,9
2700,2
2710,22
2720,5
2730,19
2740,43
2750,29
2760,56
2770,18
2780,44
2790,7
2800,60
2810,18
2820,48
2830,57
2840,4
2850,24
2860,26
2870,20
2880,34
2890,42
2900,13
2910,39
2920,13
2930,1
2940,0
2950,1
2960,17
2970,11
2980,12
2990,36
3000,6
3010,27
3020,59
3030,6
3040,51
3050,10
3060,17
3070,38
3080,52
3090,5
3100,33
3110,0
3120,18
3130,55
3140,58
3150,42
3160,34
3170,9
3180,7
3190,40
3200,59
3210,29
3220,43
3230,3
3240,38
3250,48
3260,51
3270,8
3280,38
3290,34
3300,42
3310,53
3320,47
3330,10
3340,53
3350,12
3360,31
3370,50
3380,53
3390,47
3400,57
3410,28
3420,32
3430,49
3440,0
3450,53
3460,12
3470,47
3480,3
3490,53
3500,55
3510,56
3520,5
3530,19
3540,47
3550,55
3560,50
3570,13
3580,18
3590,4
3600,42
3610,23
3620,15
3630,14
3640,0
3650,44
3660,46
3670,38
3680,0
3690,38
3700,17
3710,19
3720,20
3730,1
3740,14
3750,30
3760,14
3770,29
3780,2
3790,29
3800,49
3810,33
3820,42
3830,3
3840,5
3850,1
3860,1
3870,21
3880,5
3890,3
3900,60
3910,56
3920,53
3930,8
3940,24
3950,11
3960,35
3970,24
3980,25
3990,60
4000,37
4010,29
4020,47
4030,32
4040,21
4050,40
4060,25
4070,58
4080,47
4090,40
4100,0
4110,19
4120,54
4130,12
4140,10
4150,32
4160,39
4170,53
4180,35
4190,1
4200,44
4210,51
4220,35
4230,51
4240,7
4250,15
4260,30
4270,9
4280,39
4290,57
4300,56
4310,31
4320,8
4330,6
4340,7
4350,55
4360,25
4370,53
4380,53
4390,16
4400,54
4410,38
4420,27
4430,41
4440,38
4450,24
4460,33
4470,37
4480,33
4490,39
4500,0
4510,15
4520,0
4530,2
4540,41
4550,0
4560,27
4570,40
4580,14
4590,4
4600,21
4610,44
4620,23
4630,57
4640,48
4650,24
4660,10
4670,4
4680,36
4690,14
4700,54
4710,12
4720,42
4730,33
4740,51
4750,55
4760,25
4770,36
4780,3
4790,15
4800,1
4810,10
4820,45
4830,20
4840,8
4850,14
4860,46
4870,30
4880,15
4890,46
4900,27
4910,56
4920,41
4930,32
4940,9
4950,54
4960,14
4970,19
4980,34
4990,32
5000,45
5010,11
5020,55
5030,0
5040,44
5050,54
5060,0
5070,7
5080,25
5090,21
5100,56
5110,53
5120,3
5130,19
5140,21
5150,36
5160,0
5170,6
5180,2
5190,23
5200,52
5210,19
5220,3
5230,48
5240,47
5250,50
5260,34
5270,24
5280,14
5290,55
5300,28
5310,18
5320,16
5330,14
5340,15
5350,49
5360,45
5370,11
5380,1
5390,17
5400,39
5410,32
5420,59
5430,56
5440,19
5450,9
5460,9
5470,15
5480,17
5490,11
5500,9
5510,4
5520,50
5530,13
5540,0
5550,5
5560,50
5570,7
5580,43
5590,15
5600,13
5610,37
5620,41
5630,56
5640,0
5650,3
5660,20
5670,43
5680,28
5690,43
5700,5
5710,46
5720,18
5730,1
5740,2
5750,52
5760,43
5770,42
5780,41
5790,51
5800,7
5810,16
5820,11
5830,52
5840,5
5850,57
5860,10
5870,37
5880,8
5890,30
5900,18
5910,14
5920,31
5930,19
5940,53
5950,8
5960,6
5970,60
5980,10
5990,45
6000,35
6010,42
6020,45
6030,9
6040,46
6050,33
6060,39
6070,13
6080,27
6090,51
6100,30
6110,11
6120,4
6130,56
6140,48
6150,4
6160,31
6170,0
6180,4
6190,39
6200,40
6210,32
6220,1
6230,46
6240,32
6250,14
6260,2
6270,13
6280,19
6290,14
6300,43
6310,22
6320,50
6330,8
6340,58
6350,51
6360,17
6370,42
6380,59
6390,55
6400,27
6410,3
6420,43
6430,31
6440,18
6450,30
6460,39
6470,21
6480,12
6490,9
6500,10
6510,13
6520,39
6530,47
6540,28
6550,20
6560,59
6570,52
6580,43
6590,40
6600,48
6610,22
6620,25
6630,15
6640,56
6650,36
6660,26
6670,52
6680,48
6690,5
6700,45
6710,2
6720,35
6730,19
6740,43
6750,25
6760,14
6770,47
6780,6
6790,39
6800,45
6810,43
6820,1
6830,2
6840,54
6850,10
6860,59
6870,27
6880,37
6890,10
6900,32
6910,14
6920,32
6930,51
6940,59
6950,10
6960,32
6970,59
6980,53
6990,22
7000,32
7010,35
7020,45
7030,22
7040,0
7050,17
7060,4
7070,8
7080,53
7090,40
7100,32
7110,21
7120,2
7130,49
7140,40
7150,53
7160,5
7170,36
7180,44
7190,6
7200,7
7210,14
7220,33
7230,24
7240,41
7250,31
7260,58
7270,4
7280,6
7290,31
7300,26
7310,40
7320,47
7330,22
7340,4
7350,13
7360,27
7370,38
7380,19
7390,52
7400,30
7410,6
7420,15
7430,1
7440,54
7450,12
7460,21
7470,1
7480,52
7490,42
7500,40
7510,14
7520,13
7530,45
7540,6
7550,51
7560,34
7570,4
7580,12
7590,42
7600,51
7610,0
7620,49
7630,58
7640,51
7650,7
7660,31
7670,44
7680,30
7690,25
7700,34
7710,52
7720,15
7730,56
7740,38
7750,14
7760,37
7770,46
7780,30
7790,33
7800,32
7810,50
7820,7
7830,41
7840,18
7850,33
7860,33
7870,20
7880,2
7890,54
7900,11
7910,9
7920,6
7930,55
7940,23
7950,20
7960,36
7970,48
7980,24
7990,42
8000,25
8010,60
8020,35
8030,51
8040,37
8050,46
8060,49
8070,33
8080,12
8090,18
8100,35
8110,15
8120,40
8130,38
8140,50
8150,60
8160,55
8170,42
8180,25
8190,3
8200,26
8210,6
8220,40
8230,5
8240,15
8250,35
8260,17
8270,50
8280,15
8290,18
8300,11
8310,41
8320,4
8330,35
8340,12
8350,17
8360,28
8370,0
8380,32
8390,18
8400,9
8410,50
8420,34
8430,30
8440,52
8450,50
8460,52
8470,16
8480,33
8490,55
8500,25
8510,38
8520,1
8530,25
8540,26
8550,13
8560,13
8570,31
8580,55
8590,2
8600,44
8610,28
8620,15
8630,33
8640,33
8650,24
8660,45
8670,44
8680,2
8690,16
8700,50
8710,30
8720,49
8730,51
8740,52
8750,43
8760,16
8770,13
8780,6
8790,58
8800,25
8810,0
8820,43
8830,20
8840,41
8850,4
8860,23
8870,6
8880,35
8890,17
8900,11
8910,56
8920,14
8930,56
8940,19
8950,54
8960,44
8970,46
8980,47
8990,49
9000,52
9010,50
9020,16
9030,25
9040,14
9050,45
9060,15
9070,5
9080,20
9090,20
9100,7
9110,35
9120,22
9130,27
9140,53
9150,54
9160,8
9170,39
9180,57
9190,56
9200,1
9210,1
9220,43
9230,16
9240,22
9250,54
9260,17
9270,60
9280,1
9290,60
9300,34
9310,2
9320,15
9330,10
9340,51
9350,9
9360,30
9370,48
9380,8
9390,5
9400,45
9410,45
9420,10
9430,1
9440,58
9450,42
9460,28
9470,6
9480,58
9490,42
9500,40
9510,14
9520,26
9530,30
9540,9
9550,29
9560,17
9570,19
9580,33
9590,35
9600,38
9610,46
9620,0
9630,7
9640,53
9650,17
9660,13
9670,18
9680,29
9690,24
9700,0
9710,38
9720,4
9730,47
9740,56
9750,40
9760,60
9770,14
9780,60
9790,8
9800,41
9810,32
9820,14
9830,59
9840,32
9850,39
9860,28
9870,15
9880,0
9890,39
9900,48
9910,40
9920,45
9930,49
9940,57
9950,41
9960,51
9970,32
9980,50
9990,51
10000,42
10010,36
10020,60
10030,7
10040,44
10050,30
10060,56
10070,59
10080,43
10090,3
10100,40
10110,43
10120,26
10130,1
10140,42
10150,34
10160,53
10170,38
10180,5
10190,55
10200,58
10210,19
10220,39
10230,5
10240,58
10250,12
10260,45
10270,7
10280,55
10290,39
10300,6
10310,17
10320,21
10330,56
10340,44
10350,32
10360,47
10370,7
10380,24
10390,60
10400,22
10410,32
10420,56
10430,9
10440,33
10450,32
10460,2
10470,17
10480,20
10490,16
10500,45
10510,5
10520,28
10530,21
10540,20
10550,11
10560,35
10570,32
10580,9
10590,31
10600,23
10610,30
10620,47
10630,33
10640,9
10650,54
10660,22
10670,23
10680,19
10690,27
10700,3
10710,33
10720,28
10730,32
10740,51
10750,9
10760,25
10770,3
10780,56
10790,2
10800,8
10810,8
10820,54
10830,59
10840,15
10850,49
10860,12
10870,25
10880,13
10890,35
10900,17
10910,37
10920,33
10930,41
10940,39
10950,44
10960,50
10970,14
10980,41
10990,3
11000,34
11010,56
11020,38
11030,17
11040,1
11050,25
11060,23
11070,22
11080,17
11090,60
11100,59
11110,14
11120,15
11130,7
11140,1
11150,44
11160,27
11170,46
11180,42
11190,52
11200,46
11210,47
11220,22
11230,29
11240,55
11250,3
11260,48
11270,35
11280,2
11290,41
11300,33
11310,47
11320,46
11330,39
11340,56
11350,34
11360,51
11370,53
11380,8
11390,47
11400,45
11410,27
11420,53
11430,10
11440,39
11450,11
11460,25
11470,34
11480,38
11490,56
11500,58
11510,13
11520,6
11530,49
11540,24
11550,49
11560,21
11570,18
11580,56
11590,1
11600,58
11610,50
11620,39
11630,0
11640,14
11650,22
11660,37
11670,16
11680,53
11690,11
11700,48
11710,46
11720,59
11730,18
11740,11
11750,39
11760,0
11770,26
11780,0
11790,4
11800,37
11810,15
11820,46
11830,55
11840,12
11850,22
11860,8
11870,25
11880,30
11890,34
11900,28
11910,16
11920,3
11930,10
11940,59
11950,47
11960,30
11970,12
11980,31
11990,17
12000,39
12010,45
12020,24
12030,28
12040,29
12050,3
12060,42
12070,14
12080,9
12090,23
12100,47
12110,16
12120,30
12130,19
12140,34
12150,53
12160,14
12170,42
12180,56
12190,20
12200,57
12210,17
12220,43
12230,52
12240,56
12250,29
12260,12
12270,58
12280,4
12290,48
12300,19
12310,37
12320,3
12330,23
12340,27
12350,42
12360,48
12370,48
12380,4
12390,20
12400,14
12410,30
12420,41
12430,38
12440,56
12450,33
12460,6
12470,46
12480,35
12490,52
12500,55
12510,23
12520,7
12530,22
12540,29
12550,29
12560,21
12570,23
12580,55
12590,32
12600,30
12610,39
12620,16
12630,55
12640,21
12650,24
12660,33
12670,2
12680,22
12690,42
12700,50
12710,19
12720,31
12730,53
12740,31
12750,2
12760,47
12770,24
12780,57
12790,12
12800,48
12810,28
12820,7
12830,21
12840,1
12850,17
12860,57
12870,30
12880,3
12890,38
12900,44
12910,46
12920,2
12930,24
12940,9
12950,24
12960,51
12970,1
12980,11
12990,32
13000,38
13010,37
13020,60
13030,22
13040,19
13050,43
13060,16
13070,56
13080,6
13090,4
13100,10
13110,10
13120,46
13130,18
13140,9
13150,36
13160,49
13170,12
13180,15
13190,49
13200,29
13210,24
13220,17
13230,56
13240,54
13250,42
13260,13
13270,59
13280,40
13290,15
13300,25
13310,24
13320,56
13330,36
13340,46
13350,38
13360,22
13370,46
13380,28
13390,40
13400,14
13410,40
13420,0
13430,54
13440,28
13450,11
13460,43
13470,41
13480,31
13490,38
13500,3
13510,16
13520,11
13530,29
13540,38
13550,2
13560,30
13570,38
13580,19
13590,44
13600,46
13610,13
13620,8
13630,16
13640,18
13650,50
13660,39
13670,56
13680,56
13690,9
13700,46
13710,27
13720,40
13730,55
13740,7
13750,54
13760,6
13770,15
13780,4
13790,22
13800,57
13810,60
13820,20
13830,45
13840,30
13850,58
13860,11
13870,28
13880,14
13890,51
13900,23
13910,36
13920,26
13930,27
13940,50
13950,30
13960,12
13970,50
13980,48
13990,52
14000,36
14010,41
14020,22
14030,0
14040,15
14050,11
14060,47
14070,36
14080,40
14090,55
14100,23
14110,4
14120,26
14130,41
14140,39
14150,55
14160,1
14170,13
14180,56
14190,36
14200,3
14210,48
14220,14
14230,27
14240,38
14250,5
14260,12
14270,21
14280,17
14290,18
14300,7
14310,13
14320,9
14330,47
14340,9
14350,29
14360,9
14370,42
14380,60
14390,16
14400,14
14410,15
14420,60
14430,43
14440,20
14450,26
14460,38
14470,49
14480,46
14490,21
14500,50
14510,11
14520,47
14530,4
14540,3
14550,23
14560,16
14570,0
14580,25
14590,21
14600,43
14610,18
14620,5
14630,11
14640,12
14650,18
14660,15
14670,41
14680,22
14690,9
14700,28
14710,29
14720,4
14730,27
14740,34
14750,23
14760,0
14770,33
14780,44
14790,15
14800,33
14810,38
14820,1
14830,37
14840,32
14850,30
14860,14
14870,37
14880,60
14890,35
14900,32
14910,45
14920,16
14930,23
14940,25
14950,39
14960,49
14970,43
14980,6
14990,56
15000,12
15010,54
15020,46
15030,37
15040,6
15050,11
15060,19
15070,35
15080,59
15090,50
15100,41
15110,16
15120,47
15130,41
15140,59
15150,37
15160,51
15170,4
15180,1
15190,39
15200,27
15210,6
15220,22
15230,27
15240,11
15250,6
15260,5
15270,13
15280,7
15290,31
15300,25
15310,59
15320,52
15330,31
15340,2
15350,16
15360,34
15370,55
15380,48
15390,56
15400,18
15410,41
15420,50
15430,12
15440,14
15450,8
15460,36
15470,56
15480,56
15490,58
15500,7
15510,10
15520,44
15530,38
15540,22
15550,53
15560,44
15570,50
15580,0
15590,54
15600,5
15610,55
15620,56
15630,56
15640,13
15650,28
15660,59
15670,22
15680,45
15690,5
15700,57
15710,33
15720,35
15730,11
15740,9
15750,55
15760,30
15770,17
15780,48
15790,1
15800,22
15810,11
15820,51
15830,37
15840,56
15850,43
15860,47
15870,60
15880,33
15890,19
15900,57
15910,2
15920,43
15930,47
15940,17
15950,16
15960,16
15970,0
15980,12
15990,12
16000,2
16010,32
16020,30
16030,9
16040,15
16050,17
16060,32
16070,43
16080,0
16090,39
16100,56
16110,33
16120,7
16130,7
16140,38
16150,10
16160,23
16170,5
16180,12
16190,1
16200,7
16210,28
16220,42
16230,34
16240,20
16250,21
16260,6
16270,21
16280,13
16290,57
16300,39
16310,58
16320,42
16330,60
16340,54
16350,32
16360,25
16370,29
16380,0
16390,38
16400,54
16410,58
16420,50
16430,40
16440,54
16450,32
16460,52
16470,53
16480,30
16490,26
16500,13
16510,59
16520,58
16530,35
16540,31
16550,37
16560,27
16570,16
16580,60
16590,22
16600,37
16610,51
16620,2
16630,45
16640,26
16650,36
16660,37
16670,45
16680,57
16690,34
16700,29
16710,23
16720,42
16730,29
16740,45
16750,12
16760,49
16770,17
16780,53
16790,20
16800,29
16810,40
16820,59
16830,19
16840,37
16850,25
16860,30
16870,43
16880,10
16890,11
16900,42
16910,7
16920,9
16930,56
16940,53
16950,15
16960,60
16970,48
16980,51
16990,39
17000,20
17010,26
17020,50
17030,52
17040,3
17050,12
17060,18
17070,37
17080,14
17090,28
17100,8
17110,27
17120,48
17130,49
17140,21
17150,31
17160,55
17170,54
17180,28
17190,53
17200,40
17210,13
17220,29
17230,50
17240,33
17250,25
17260,20
17270,8
17280,29
17290,58
17300,31
17310,36
17320,33
17330,21
17340,14
17350,21
17360,56
17370,10
17380,11
17390,34
17400,46
17410,57
17420,50
17430,5
17440,28
17450,54
17460,22
17470,14
17480,4
17490,51
17500,11
17510,30
17520,54
17530,6
17540,7
17550,57
17560,50
17570,20
17580,37
17590,56
17600,39
17610,11
17620,21
17630,1
17640,11
17650,58
17660,51
17670,23
17680,27
17690,56
17700,36
17710,38
17720,46
17730,45
17740,42
17750,14
17760,6
17770,46
17780,11
17790,23
17800,45
17810,38
17820,50
17830,50
17840,48
17850,7
17860,52
17870,40
17880,19
17890,4
17900,45
17910,5
17920,13
17930,17
17940,37
17950,22
17960,46
17970,20
17980,40
17990,50
18000,45
18010,8
18020,50
18030,2
18040,59
18050,0
18060,35
18070,15
18080,31
18090,29
18100,38
18110,35
18120,25
18130,7
18140,27
18150,47
18160,16
18170,8
18180,28
18190,7
18200,36
18210,31
18220,37
18230,22
18240,42
18250,28
18260,47
18270,23
18280,52
18290,20
18300,45
18310,4
18320,13
18330,9
18340,46
18350,9
18360,58
18370,20
18380,20
18390,16
18400,59
18410,43
18420,23
18430,6
18440,8
18450,24
18460,14
18470,38
18480,58
18490,33
18500,16
18510,52
18520,59
18530,23
18540,0
18550,4
18560,42
18570,10
18580,59
18590,22
18600,43
18610,36
18620,8
18630,30
18640,31
18650,10
18660,4
18670,57
18680,5
18690,10
18700,57
18710,23
18720,10
18730,11
18740,31
18750,10
18760,35
18770,14
18780,38
18790,29
18800,46
18810,11
18820,33
18830,1
18840,60
18850,39
18860,27
18870,14
18880,60
18890,46
18900,20
18910,49
18920,20
18930,3
18940,21
18950,36
18960,15
18970,33
18980,49
18990,17
19000,17
19010,1
19020,48
19030,5
19040,7
19050,14
19060,52
19070,1
19080,58
19090,31
19100,16
19110,11
19120,3
19130,13
19140,22
19150,20
19160,37
19170,59
19180,56
19190,35
19200,33
19210,6
19220,44
19230,30
19240,15
19250,40
19260,60
19270,43
19280,31
19290,52
19300,13
19310,47
19320,25
19330,33
19340,41
19350,3
19360,17
19370,30
19380,54
19390,40
19400,34
19410,39
19420,20
19430,34
19440,54
19450,58
19460,19
19470,24
19480,17
19490,22
19500,33
19510,52
19520,11
19530,15
19540,35
19550,20
19560,4
19570,31
19580,57
19590,53
19600,11
19610,29
19620,43
19630,8
19640,19
19650,52
19660,25
19670,60
19680,0
19690,9
19700,43
19710,43
19720,56
19730,24
19740,48
19750,59
19760,51
19770,53
19780,56
19790,41
19800,0
19810,10
19820,48
19830,43
19840,34
19850,16
19860,29
19870,39
19880,7
19890,24
19900,43
19910,1
19920,47
19930,38
19940,36
19950,8
19960,34
19970,32
19980,16
19990,26
20000,28
20010,8
20020,53
20030,45
20040,51
20050,25
20060,17
20070,45
20080,13
20090,38
20100,5
20110,19
20120,8
20130,38
20140,43
20150,7
20160,14
20170,0
20180,39
20190,36
20200,46
20210,51
20220,60
20230,10
20240,28
20250,52
20260,41
20270,8
20280,11
20290,54
20300,28
20310,44
20320,11
20330,49
20340,40
20350,16
20360,11
20370,17
20380,41
20390,10
20400,11
20410,33
20420,34
20430,29
20440,30
20450,1
20460,10
20470,1
20480,40
20490,7
20500,39
20510,10
20520,36
20530,48
20540,28
20550,46
20560,16
20570,16
20580,44
20590,57
20600,11
20610,42
20620,46
20630,53
20640,2
20650,58
20660,59
20670,18
20680,22
20690,24
20700,59
20710,16
20720,49
20730,52
20740,48
20750,54
20760,11
20770,14
20780,34
20790,45
20800,1
20810,59
20820,46
20830,27
20840,49
20850,46
20860,60
20870,10
20880,3
20890,54
20900,6
20910,1
20920,9
20930,56
20940,13
20950,45
20960,60
20970,8
20980,40
20990,15
21000,38
21010,21
21020,2
21030,46
21040,53
21050,45
21060,42
21070,37
21080,45
21090,9
21100,33
21110,37
21120,11
21130,1
21140,6
21150,49
21160,4
21170,43
21180,50
21190,38
21200,0
21210,16
21220,56
21230,47
21240,37
21250,16
21260,60
21270,18
21280,55
21290,11
21300,3
21310,22
21320,15
21330,24
21340,13
21350,11
21360,31
21370,25
21380,60
21390,15
21400,14
21410,12
21420,46
21430,28
21440,31
21450,35
21460,1
21470,59
21480,45
21490,55
21500,9
21510,12
21520,30
21530,37
21540,14
21550,51
21560,11
21570,7
21580,11
21590,35
21600,0
21610,54
21620,51
21630,4
21640,1
21650,46
21660,12
21670,19
21680,39
21690,20
21700,26
21710,1
21720,55
21730,50
21740,42
21750,19
21760,45
21770,36
21780,7
21790,31
21800,7
21810,36
21820,5
21830,51
21840,17
21850,11
21860,41
21870,34
21880,25
21890,43
21900,40
21910,17
21920,51
21930,20
21940,46
21950,5
21960,34
21970,31
21980,5
21990,27
22000,54
22010,11
22020,43
22030,6
22040,22
22050,44
22060,12
22070,32
22080,17
22090,27
22100,40
22110,37
22120,4
22130,32
22140,54
22150,16
22160,22
22170,13
22180,14
22190,13
22200,20
22210,29
22220,16
22230,43
22240,21
22250,32
22260,17
22270,32
22280,44
22290,48
22300,13
22310,31
22320,41
22330,15
22340,51
22350,6
22360,27
22370,8
22380,16
22390,15
22400,45
22410,11
22420,48
22430,60
22440,18
22450,47
22460,40
22470,29
22480,18
22490,56
22500,41
22510,53
22520,56
22530,18
22540,3
22550,7
22560,60
22570,12
22580,53
22590,7
22600,49
22610,11
22620,11
22630,5
22640,53
22650,25
22660,24
22670,23
22680,56
22690,12
22700,9
22710,40
22720,48
22730,3
22740,24
22750,9
22760,0
22770,29
22780,41
22790,45
22800,31
22810,3
22820,28
22830,33
22840,53
22850,7
22860,54
22870,45
22880,11
22890,31
22900,1
22910,17
22920,51
22930,14
22940,3
22950,19
22960,48
22970,8
22980,11
22990,0
23000,53
23010,60
23020,7
23030,20
23040,27
23050,28
23060,30
23070,15
23080,41
23090,0
23100,39
23110,14
23120,46
23130,25
23140,11
23150,36
23160,3
23170,19
23180,48
23190,59
23200,19
23210,1
23220,3
23230,25
23240,10
23250,41
23260,30
23270,47
23280,51
23290,44
23300,25
23310,39
23320,53
23330,39
23340,57
23350,5
23360,26
23370,5
23380,31
23390,53
23400,36
23410,23
23420,38
23430,52
23440,16
23450,27
23460,53
23470,17
23480,26
23490,50
23500,14
23510,9
23520,41
23530,49
23540,38
23550,25
23560,24
23570,44
23580,8
23590,7
23600,55
23610,43
23620,33
23630,40
23640,24
23650,8
23660,2
23670,12
23680,21
23690,2
23700,18
23710,22
23720,24
23730,50
23740,48
23750,34
23760,4
23770,8
23780,26
23790,49
23800,21
23810,39
23820,46
23830,18
23840,5
23850,15
23860,28
23870,51
23880,5
23890,31
23900,27
23910,59
23920,56
23930,11
23940,48
23950,49
23960,18
23970,28
23980,10
23990,47
24000,8
24010,35
24020,2
24030,24
24040,15
24050,28
24060,55
24070,16
24080,6
24090,39
24100,45
24110,58
24120,4
24130,31
24140,3
24150,6
24160,21
24170,3
24180,58
24190,52
24200,3
24210,9
24220,50
24230,1
24240,53
24250,4
24260,35
24270,24
24280,45
24290,19
24300,27
24310,28
24320,37
24330,44
24340,36
24350,30
24360,55
24370,44
24380,5
24390,34
24400,13
24410,42
24420,10
24430,2
24440,16
24450,31
24460,48
24470,5
24480,19
24490,60
24500,36
24510,58
24520,47
24530,6
24540,25
24550,19
24560,25
24570,53
24580,9
24590,17
24600,21
24610,21
24620,32
24630,30
24640,6
24650,5
24660,46
24670,42
24680,43
24690,43
24700,1
24710,24
24720,11
24730,23
24740,34
24750,59
24760,56
24770,10
24780,7
24790,60
24800,23
24810,1
24820,41
24830,1
24840,17
24850,53
24860,34
24870,39
24880,17
24890,23
24900,36
24910,36
24920,40
24930,47
24940,58
24950,0
24960,53
24970,35
24980,49
24990,26
25000,1
25010,56
25020,42
25030,3
25040,56
25050,31
25060,39
25070,1
25080,33
25090,36
25100,56
25110,26
25120,44
25130,43
25140,33
25150,44
25160,33
25170,45
25180,39
25190,43
25200,12
25210,40
25220,43
25230,34
25240,52
25250,34
25260,46
25270,0
25280,57
25290,29
25300,20
25310,42
25320,2
25330,17
25340,47
25350,0
25360,21
25370,57
25380,11
25390,36
25400,43
25410,57
25420,2
25430,33
25440,4
25450,18
25460,55
25470,10
25480,19
25490,43
25500,25
25510,20
25520,13
25530,7
25540,44
25550,52
25560,59
25570,30
25580,59
25590,29
25600,23
25610,53
25620,31
25630,57
25640,28
25650,4
25660,39
25670,38
25680,54
25690,10
25700,60
25710,52
25720,14
25730,41
25740,50
25750,0
25760,38
25770,34
25780,45
25790,8
25800,57
25810,51
25820,24
25830,22
25840,38
25850,26
25860,45
25870,53
25880,11
25890,56
25900,44
25910,0
25920,17
25930,27
25940,44
25950,5
25960,31
25970,55
25980,53
25990,14
26000,13
26010,52
26020,53
26030,31
26040,8
26050,40
26060,39
26070,48
26080,5
26090,1
26100,9
26110,5
26120,24
26130,12
26140,41
26150,29
26160,47
26170,2
26180,29
26190,11
26200,34
26210,14
26220,48
26230,39
26240,39
26250,21
26260,50
26270,28
26280,37
26290,45
26300,26
26310,57
26320,20
26330,48
26340,33
26350,26
26360,27
26370,47
26380,5
26390,60
26400,36
26410,18
26420,49
26430,3
26440,18
26450,12
26460,33
26470,8
26480,21
26490,7
26500,43
26510,9
26520,9
26530,38
26540,51
26550,1
26560,25
26570,1
26580,29
26590,23
26600,16
26610,15
26620,33
26630,29
26640,7
26650,35
26660,46
26670,53
26680,50
26690,35
26700,17
26710,6
26720,31
26730,38
26740,45
26750,46
26760,52
26770,37
26780,47
26790,17
26800,53
26810,40
26820,36
26830,24
26840,8
26850,36
26860,52
26870,24
26880,7
26890,45
26900,40
26910,51
26920,30
26930,8
26940,39
26950,33
26960,3
26970,57
26980,27
26990,48
27000,42
27010,53
27020,46
27030,29
27040,35
27050,9
27060,9
27070,32
27080,50
27090,58
27100,37
27110,4
27120,29
27130,40
27140,37
27150,15
27160,33
27170,60
27180,20
27190,33
27200,57
27210,45
27220,29
27230,50
27240,15
27250,0
27260,26
27270,5
27280,16
27290,30
27300,12
27310,42
27320,31
27330,40
27340,35
27350,55
27360,20
27370,17
27380,31
27390,44
27400,21
27410,48
27420,17
27430,11
27440,28
27450,47
27460,36
27470,16
27480,32
27490,47
27500,35
27510,56
27520,56
27530,48
27540,39
27550,18
27560,20
27570,25
27580,16
27590,56
27600,24
27610,25
27620,32
27630,18
27640,1
27650,60
27660,58
27670,28
27680,25
27690,56
27700,32
27710,58
27720,40
27730,10
27740,51
27750,24
27760,25
27770,41
27780,46
27790,49
27800,37
27810,29
27820,9
27830,1
27840,57
27850,0
27860,26
27870,52
27880,40
27890,8
27900,40
27910,46
27920,47
27930,30
27940,0
27950,4
27960,45
27970,42
27980,6
27990,59
28000,45
28010,13
28020,6
28030,39
28040,29
28050,45
28060,36
28070,51
28080,32
28090,24
28100,22
28110,59
28120,57
28130,7
28140,31
28150,51
28160,30
28170,8
28180,21
28190,19
28200,40
28210,34
28220,44
28230,10
28240,47
28250,46
28260,42
28270,33
28280,12
28290,10
28300,9
28310,44
28320,8
28330,45
28340,9
28350,22
28360,49
28370,36
28380,11
28390,41
28400,14
28410,22
28420,39
28430,13
28440,1
28450,48
28460,13
28470,56
28480,6
28490,41
28500,8
28510,23
28520,15
28530,18
28540,41
28550,58
28560,43
28570,26
28580,36
28590,8
28600,16
28610,44
28620,17
28630,7
28640,51
28650,48
28660,51
28670,14
28680,49
28690,24
28700,30
28710,37
28720,45
28730,37
28740,49
28750,29
28760,50
28770,20
28780,38
28790,57
28800,18
28810,4
28820,30
28830,11
28840,26
28850,50
28860,9
28870,24
28880,21
28890,40
28900,7
28910,34
28920,0
28930,7
28940,6
28950,53
28960,25
28970,2
28980,56
28990,24
29000,52
29010,44
29020,43
29030,24
29040,45
29050,46
29060,51
29070,28
29080,16
29090,8
29100,29
29110,19
29120,44
29130,3
29140,20
29150,31
29160,29
29170,11
29180,3
29190,12
29200,8
29210,4
29220,10
29230,33
29240,20
29250,37
29260,3
29270,0
29280,22
29290,26
29300,25
29310,40
29320,19
29330,40
29340,55
29350,32
29360,48
29370,39
29380,27
29390,57
29400,21
29410,41
29420,14
29430,41
29440,27
29450,60
29460,40
29470,26
29480,37
29490,59
29500,26
29510,14
29520,43
29530,19
29540,49
29550,45
29560,45
29570,12
29580,39
29590,5
29600,58
29610,22
29620,36
29630,31
29640,40
29650,6
29660,9
29670,0
29680,4
29690,49
29700,44
29710,49
29720,54
29730,36
29740,49
29750,39
29760,1
29770,59
29780,34
29790,1
29800,55
29810,46
29820,42
29830,22
29840,38
29850,13
29860,14
29870,56
29880,49
29890,14
29900,41
29910,23
29920,31
29930,3
29940,58
29950,5
29960,33
29970,36
29980,43
29990,24
30000,33
30010,50
30020,41
30030,19
30040,11
30050,40
30060,13
30070,26
30080,37
30090,41
30100,15
30110,1
30120,25
30130,0
30140,24
30150,43
30160,33
30170,35
30180,33
30190,59
30200,14
30210,18
30220,19
30230,56
30240,5
30250,40
30260,9
30270,8
30280,43
30290,38
30300,14
30310,32
30320,19
30330,32
30340,58
30350,32
30360,10
30370,15
30380,15
30390,18
30400,38
30410,4
30420,22
30430,13
30440,48
30450,5
30460,31
30470,53
30480,12
30490,13
30500,33
30510,60
30520,13
30530,49
30540,46
30550,55
30560,4
30570,24
30580,27
30590,15
30600,32
30610,22
30620,23
30630,43
30640,52
30650,44
30660,51
30670,34
30680,31
30690,36
30700,22
30710,30
30720,49
30730,4
30740,4
30750,33
30760,17
30770,6
30780,27
30790,17
30800,2
30810,11
30820,13
30830,43
30840,23
30850,34
30860,8
30870,25
30880,32
30890,5
30900,25
30910,49
30920,36
30930,1
30940,27
30950,3
30960,53
30970,19
30980,11
30990,7
31000,30
31010,59
31020,53
31030,1
31040,42
31050,28
31060,43
31070,10
31080,46
31090,57
31100,35
31110,32
31120,16
31130,15
31140,26
31150,48
31160,30
31170,5
31180,50
31190,37
31200,41
31210,48
31220,35
31230,1
31240,52
31250,38
31260,34
31270,20
31280,34
31290,42
31300,46
31310,33
31320,47
31330,34
31340,19
31350,34
31360,18
31370,0
31380,44
31390,34
31400,59
31410,15
31420,33
31430,15
31440,29
31450,9
31460,52
31470,57
31480,12
31490,2
31500,0
31510,11
31520,18
31530,46
31540,1
31550,24
31560,60
31570,11
31580,56
31590,28
31600,56
31610,59
31620,46
31630,7
31640,54
31650,39
31660,18
31670,33
31680,47
31690,45
31700,60
31710,19
31720,19
31730,46
31740,48
31750,46
31760,17
31770,12
31780,4
31790,41
31800,58
31810,14
31820,17
31830,23
31840,7
31850,17
31860,47
31870,41
31880,4
31890,11
31900,19
31910,8
31920,17
31930,59
31940,59
31950,27
31960,50
31970,44
31980,19
31990,14
32000,37
32010,28
32020,11
32030,59
32040,9
32050,57
32060,12
32070,34
32080,48
32090,21
32100,33
32110,55
32120,48
32130,6
32140,26
32150,17
32160,55
32170,23
32180,34
32190,13
32200,22
32210,2
32220,3
32230,6
32240,23
32250,16
32260,36
32270,19
32280,39
32290,22
32300,34
32310,15
32320,45
32330,3
32340,51
32350,24
32360,58
32370,56
32380,40
32390,37
32400,44
32410,24
32420,55
32430,17
32440,51
32450,12
32460,10
32470,30
32480,46
32490,55
32500,7
32510,34
32520,9
32530,9
32540,5
32550,36
32560,34
32570,57
32580,52
32590,15
32600,17
32610,29
32620,40
32630,17
32640,49
32650,0
32660,0
32670,45
32680,32
32690,36
32700,15
32710,60
32720,16
32730,22
32740,30
32750,19
32760,34
32770,49
32780,30
32790,54
32800,32
32810,19
32820,32
32830,59
32840,56
32850,28
32860,46
32870,19
32880,27
32890,5
32900,40
32910,1
32920,1
32930,58
32940,18
32950,31
32960,12
32970,37
32980,13
32990,42
33000,26
33010,37
33020,9
33030,7
33040,30
33050,49
33060,37
33070,28
33080,49
33090,0
33100,21
33110,2
33120,46
33130,58
33140,46
33150,17
33160,32
33170,57
33180,3
33190,42
33200,31
33210,48
33220,47
33230,49
33240,18
33250,36
33260,6
33270,6
33280,4
33290,10
33300,31
33310,11
33320,20
33330,38
33340,39
33350,14
33360,15
33370,16
33380,13
33390,49
33400,3
33410,17
33420,21
33430,19
33440,39
33450,1
33460,8
33470,54
33480,22
33490,3
33500,48
33510,50
33520,13
33530,48
33540,60
33550,36
33560,42
33570,43
33580,40
33590,54
33600,16
33610,35
33620,30
33630,7
33640,28
33650,32
33660,40
33670,39
33680,4
33690,27
33700,29
33710,50
33720,44
33730,22
33740,58
33750,47
33760,37
33770,32
33780,51
33790,12
33800,50
33810,41
33820,54
33830,10
33840,40
33850,33
33860,36
33870,4
33880,28
33890,44
33900,54
33910,0
33920,40
33930,24
33940,52
33950,58
33960,59
33970,30
33980,31
33990,54
34000,26
34010,59
34020,14
34030,51
34040,1
34050,16
34060,56
34070,55
34080,38
34090,40
34100,55
34110,60
34120,44
34130,38
34140,44
34150,3
34160,40
34170,19
34180,29
34190,37
34200,0
34210,9
34220,17
34230,34
34240,27
34250,7
34260,18
34270,56
34280,32
34290,36
34300,27
34310,3
34320,40
34330,52
34340,53
34350,14
34360,17
34370,35
34380,45
34390,19
34400,40
34410,6
34420,8
34430,14
34440,51
34450,50
34460,28
34470,41
34480,15
34490,9
34500,47
34510,9
34520,36
34530,54
34540,9
34550,19
34560,44
34570,43
34580,28
34590,48
34600,22
34610,34
34620,55
34630,5
34640,18
34650,60
34660,48
34670,46
34680,40
34690,1
34700,5
34710,6
34720,31
34730,51
34740,1
34750,39
34760,49
34770,10
34780,31
34790,8
34800,6
34810,39
34820,47
34830,33
34840,25
34850,16
34860,48
34870,38
34880,43
34890,24
34900,31
34910,32
34920,44
34930,47
34940,16
34950,46
34960,43
34970,33
34980,7
34990,24
35000,25
35010,25
35020,40
35030,23
35040,25
35050,56
35060,1
35070,50
35080,0
35090,38
35100,25
35110,16
35120,48
35130,41
35140,31
35150,50
35160,28
35170,20
35180,42
35190,60
35200,27
35210,15
35220,12
35230,19
35240,40
35250,8
35260,11
35270,60
35280,8
35290,53
35300,35
35310,15
35320,4
35330,6
35340,60
35350,53
35360,7
35370,34
35380,21
35390,45
35400,30
35410,13
35420,21
35430,37
35440,25
35450,3
35460,15
35470,21
35480,58
35490,1
35500,38
35510,13
35520,23
35530,42
35540,46
35550,28
35560,22
35570,1
35580,15
35590,55
35600,57
35610,37
35620,60
35630,36
35640,36
35650,51
35660,44
35670,26
35680,42
35690,2
35700,21
35710,4
35720,55
35730,17
35740,47
35750,19
35760,1
35770,4
35780,54
35790,31
35800,26
35810,12
35820,13
35830,24
35840,48
35850,52
35860,23
35870,8
35880,46
35890,54
35900,2
35910,23
35920,45
35930,57
35940,18
35950,34
35960,39
35970,18
35980,15
35990,39
36000,15
36010,15
36020,43
36030,59
36040,8
36050,8
36060,60
36070,50
36080,35
36090,4
36100,27
36110,48
36120,0
36130,17
36140,7
36150,42
36160,28
36170,2
36180,59
36190,32
36200,27
36210,2
36220,22
36230,8
36240,47
36250,40
36260,1
36270,36
36280,18
36290,27
36300,16
36310,29
36320,16
36330,25
36340,20
36350,59
36360,41
36370,3
36380,0
36390,30
36400,39
36410,45
36420,40
36430,4
36440,48
36450,51
36460,49
36470,38
36480,48
36490,41
36500,41
36510,60
36520,4
36530,37
36540,0
36550,45
36560,49
36570,31
36580,17
36590,34
36600,53
36610,14
36620,25
36630,22
36640,22
36650,14
36660,38
36670,2
36680,37
36690,11
36700,60
36710,40
36720,21
36730,39
36740,38
36750,23
36760,56
36770,21
36780,42
36790,41
36800,22
36810,24
36820,56
36830,59
36840,13
36850,18
36860,16
36870,14
36880,29
36890,51
36900,59
36910,43
36920,0
36930,45
36940,46
36950,6
36960,50
36970,31
36980,13
36990,36
37000,52
37010,17
37020,17
37030,15
37040,57
37050,19
37060,1
37070,41
37080,19
37090,13
37100,45
37110,14
37120,30
37130,7
37140,47
37150,5
37160,37
37170,46
37180,25
37190,42
37200,29
37210,16
37220,6
37230,51
37240,6
37250,30
37260,16
37270,44
37280,17
37290,59
37300,18
37310,30
37320,28
37330,55
37340,6
37350,3
37360,59
37370,38
37380,19
37390,5
37400,41
37410,13
37420,14
37430,27
37440,2
37450,24
37460,10
37470,56
37480,36
37490,28
37500,40
37510,5
37520,0
37530,33
37540,48
37550,30
37560,25
37570,49
37580,12
37590,58
37600,34
37610,46
37620,20
37630,12
37640,57
37650,30
37660,22
37670,33
37680,6
37690,5
37700,48
37710,26
37720,25
37730,51
37740,35
37750,10
37760,24
37770,51
37780,55
37790,6
37800,59
37810,14
37820,14
37830,29
37840,23
37850,47
37860,17
37870,5
37880,24
37890,60
37900,15
37910,14
37920,33
37930,54
37940,29
37950,58
37960,36
37970,2
37980,13
37990,24
38000,39
38010,24
38020,45
38030,33
38040,18
38050,46
38060,11
38070,42
38080,58
38090,51
38100,59
38110,30
38120,2
38130,41
38140,24
38150,2
38160,23
38170,15
38180,5
38190,22
38200,32
38210,21
38220,18
38230,43
38240,60
38250,24
38260,13
38270,35
38280,25
38290,17
38300,49
38310,58
38320,10
38330,15
38340,8
38350,35
38360,52
38370,57
38380,40
38390,59
38400,13
38410,27
38420,32
38430,27
38440,12
38450,42
38460,33
38470,23
38480,54
38490,40
38500,32
38510,44
38520,7
38530,15
38540,57
38550,23
38560,23
38570,12
38580,16
38590,2
38600,43
38610,4
38620,48
38630,55
38640,25
38650,10
38660,5
38670,52
38680,35
38690,47
38700,15
38710,12
38720,31
38730,43
38740,60
38750,18
38760,19
38770,46
38780,38
38790,35
38800,54
38810,39
38820,9
38830,40
38840,13
38850,21
38860,6
38870,39
38880,57
38890,0
38900,26
38910,45
38920,28
38930,54
38940,55
38950,47
38960,30
38970,21
38980,0
38990,15
39000,44
39010,1
39020,28
39030,56
39040,15
39050,20
39060,28
39070,51
39080,13
39090,17
39100,14
39110,36
39120,40
39130,54
39140,12
39150,33
39160,30
39170,14
39180,23
39190,38
39200,14
39210,40
39220,59
39230,48
39240,22
39250,6
39260,58
39270,33
39280,4
39290,41
39300,9
39310,25
39320,51
39330,9
39340,1
39350,43
39360,31
39370,5
39380,11
39390,6
39400,56
39410,4
39420,16
39430,19
39440,28
39450,41
39460,5
39470,14
39480,2
39490,6
39500,31
39510,34
39520,19
39530,52
39540,39
39550,9
39560,48
39570,40
39580,10
39590,34
39600,21
39610,41
39620,57
39630,1
39640,41
39650,28
39660,11
39670,52
39680,29
39690,18
39700,19
39710,23
39720,28
39730,27
39740,36
39750,44
39760,1
39770,60
39780,24
39790,49
39800,28
39810,29
39820,43
39830,39
39840,34
39850,56
39860,17
39870,56
39880,46
39890,36
39900,23
39910,29
39920,53
39930,50
39940,0
39950,58
39960,3
39970,26
39980,12
39990,47
40000,8
40010,39
40020,32
40030,20
40040,15
40050,58
40060,11
40070,30
40080,11
40090,38
40100,43
40110,51
40120,60
40130,54
40140,5
40150,52
40160,46
40170,40
40180,44
40190,36
40200,20
40210,25
40220,60
40230,2
40240,53
40250,25
40260,39
40270,19
40280,25
40290,26
40300,51
40310,57
40320,42
40330,17
40340,50
40350,30
40360,26
40370,31
40380,23
40390,52
40400,15
40410,39
40420,15
40430,47
40440,42
40450,15
40460,59
40470,6
40480,53
40490,19
40500,41
40510,58
40520,47
40530,22
40540,5
40550,21
40560,42
40570,18
40580,13
40590,32
40600,45
40610,59
40620,33
40630,54
40640,58
40650,57
40660,43
40670,19
40680,35
40690,37
40700,17
40710,14
40720,2
40730,3
40740,21
40750,43
40760,31
40770,36
40780,12
40790,2
40800,5
40810,10
40820,51
40830,24
40840,54
40850,37
40860,40
40870,47
40880,10
40890,26
40900,46
40910,0
40920,60
40930,16
40940,42
40950,39
40960,6
40970,50
40980,49
40990,33
41000,0
41010,25
41020,39
41030,12
41040,21
41050,30
41060,18
41070,29
41080,45
41090,3
41100,30
41110,43
41120,17
41130,45
41140,5
41150,10
41160,24
41170,33
41180,27
41190,40
41200,47
41210,40
41220,0
41230,38
41240,1
41250,8
41260,44
41270,37
41280,39
41290,43
41300,55
41310,10
41320,36
41330,30
41340,17
41350,38
41360,47
41370,4
41380,2
41390,30
41400,31
41410,51
41420,23
41430,33
41440,44
41450,29
41460,32
41470,17
41480,11
41490,27
41500,47
41510,27
41520,13
41530,16
41540,42
41550,1
41560,2
41570,40
41580,46
41590,0
41600,35
41610,0
41620,17
41630,37
41640,19
41650,27
41660,36
41670,18
41680,7
41690,9
41700,36
41710,39
41720,17
41730,55
41740,3
41750,58
41760,51
41770,32
41780,36
41790,15
41800,52
41810,58
41820,60
41830,43
41840,54
41850,34
41860,57
41870,50
41880,40
41890,39
41900,39
41910,48
41920,10
41930,17
41940,53
41950,12
41960,26
41970,45
41980,17
41990,43
42000,56
42010,22
42020,40
42030,33
42040,48
42050,59
42060,40
42070,14
42080,6
42090,5
42100,31
42110,49
42120,24
42130,43
42140,36
42150,19
42160,26
42170,25
42180,32
42190,46
42200,1
42210,37
42220,30
42230,16
42240,42
42250,40
42260,20
42270,56
42280,1
42290,43
42300,8
42310,42
42320,29
42330,27
42340,40
42350,31
42360,9
42370,58
42380,51
42390,4
42400,6
42410,56
42420,7
42430,33
42440,53
42450,27
42460,16
42470,39
42480,37
42490,60
42500,1
42510,48
42520,23
42530,17
42540,19
42550,34
42560,25
42570,12
42580,47
42590,25
42600,46
42610,46
42620,26
42630,7
42640,36
42650,60
42660,57
42670,21
42680,36
42690,59
42700,12
42710,52
42720,10
42730,58
42740,11
42750,38
42760,14
42770,28
42780,2
42790,55
42800,46
42810,10
42820,32
42830,49
42840,58
42850,40
42860,2
42870,54
42880,19
42890,14
42900,40
42910,39
42920,31
42930,4
42940,24
42950,13
42960,11
42970,45
42980,49
42990,9
43000,47
43010,42
43020,3
43030,36
43040,1
43050,13
43060,23
43070,40
43080,49
43090,23
43100,55
43110,28
43120,39
43130,46
43140,40
43150,8
43160,59
43170,36
43180,13
43190,23
43200,36
43210,30
43220,2
43230,3
43240,29
43250,29
43260,0
43270,55
43280,37
43290,44
43300,31
43310,35
43320,35
43330,56
43340,30
43350,60
43360,58
43370,30
43380,33
43390,26
43400,32
43410,41
43420,37
43430,6
43440,4
43450,4
43460,60
43470,58
43480,30
43490,0
43500,44
43510,27
43520,20
43530,25
43540,45
43550,1
43560,18
43570,31
43580,47
43590,8
43600,48
43610,19
43620,4
43630,42
43640,18
43650,21
43660,14
43670,55
43680,39
43690,49
43700,40
43710,27
43720,9
43730,16
43740,4
43750,41
43760,22
43770,19
43780,58
43790,38
43800,8
43810,6
43820,55
43830,26
43840,26
43850,1
43860,7
43870,47
43880,38
43890,47
43900,13
43910,17
43920,21
43930,0
43940,35
43950,56
43960,1
43970,45
43980,14
43990,31
44000,38
44010,51
44020,22
44030,55
44040,29
44050,17
44060,29
44070,32
44080,8
44090,7
44100,28
44110,9
44120,47
44130,17
44140,51
44150,29
44160,13
44170,45
44180,21
44190,25
44200,25
44210,32
44220,50
44230,56
44240,0
44250,54
44260,48
44270,20
44280,52
44290,45
44300,18
44310,25
44320,58
44330,15
44340,52
44350,1
44360,27
44370,18
44380,3
44390,9
44400,31
44410,57
44420,7
44430,39
44440,50
44450,10
44460,21
44470,53
44480,0
44490,42
44500,10
44510,48
44520,21
44530,23
44540,55
44550,22
44560,1
44570,48
44580,31
44590,51
44600,46
44610,33
44620,5
44630,55
44640,21
44650,10
44660,51
44670,15
44680,47
44690,43
44700,22
44710,56
44720,9
44730,9
44740,43
44750,39
44760,28
44770,14
44780,11
44790,3
44800,0
44810,2
44820,16
44830,24
44840,30
44850,17
44860,30
44870,8
44880,15
44890,1
44900,23
44910,39
44920,15
44930,18
44940,33
44950,38
44960,7
44970,25
44980,41
44990,49
45000,12
45010,8
45020,9
45030,36
45040,40
45050,34
45060,13
45070,56
45080,18
45090,51
45100,23
45110,38
45120,11
45130,27
45140,26
45150,14
45160,43
45170,11
45180,5
45190,47
45200,7
45210,9
45220,4
45230,22
45240,24
45250,59
45260,35
45270,8
45280,59
45290,59
45300,28
45310,40
45320,55
45330,49
45340,48
45350,13
45360,45
45370,33
45380,7
45390,12
45400,38
45410,53
45420,27
45430,57
45440,6
45450,39
45460,2
45470,36
45480,41
45490,14
45500,16
45510,3
45520,60
45530,59
45540,44
45550,59
45560,54
45570,14
45580,11
45590,39
45600,48
45610,35
45620,46
45630,44
45640,7
45650,26
45660,5
45670,47
45680,17
45690,55
45700,57
45710,60
45720,33
45730,42
45740,29
45750,40
45760,5
45770,22
45780,59
45790,12
45800,10
45810,21
45820,52
45830,37
45840,60
45850,5
45860,17
45870,30
45880,34
45890,57
45900,2
45910,27
45920,56
45930,57
45940,5
45950,26
45960,31
45970,7
45980,56
45990,57
46000,2
46010,16
46020,27
46030,11
46040,47
46050,2
46060,22
46070,6
46080,46
46090,22
46100,34
46110,37
46120,58
46130,41
46140,20
46150,30
46160,27
46170,42
46180,12
46190,24
46200,4
46210,48
46220,56
46230,16
46240,53
46250,22
46260,58
46270,3
46280,4
46290,18
46300,38
46310,6
46320,48
46330,57
46340,29
46350,34
46360,44
46370,16
46380,56
46390,29
46400,44
46410,58
46420,54
46430,32
46440,22
46450,40
46460,6
46470,34
46480,30
46490,22
46500,56
46510,8
46520,32
46530,48
46540,51
46550,44
46560,10
46570,56
46580,40
46590,8
46600,52
46610,54
46620,6
46630,22
46640,3
46650,47
46660,55
46670,36
46680,29
46690,33
46700,5
46710,4
46720,44
46730,51
46740,49
46750,1
46760,35
46770,44
46780,18
46790,0
46800,19
46810,30
46820,28
46830,6
46840,53
46850,59
46860,14
46870,35
46880,34
46890,52
46900,16
46910,27
46920,11
46930,44
46940,6
46950,45
46960,50
46970,59
46980,5
46990,50
47000,25
47010,1
47020,45
47030,55
47040,11
47050,9
47060,60
47070,27
47080,34
47090,12
47100,42
47110,24
47120,18
47130,59
47140,0
47150,56
47160,7
47170,53
47180,0
47190,52
47200,24
47210,1
47220,15
47230,16
47240,6
47250,15
47260,32
47270,28
47280,2
47290,55
47300,42
47310,32
47320,11
47330,11
47340,51
47350,41
47360,58
47370,38
47380,20
47390,2
47400,27
47410,55
47420,4
47430,52
47440,44
47450,35
47460,55
47470,53
47480,35
47490,16
47500,8
47510,32
47520,12
47530,28
47540,55
47550,11
47560,16
47570,15
47580,47
47590,30
47600,31
47610,60
47620,14
47630,21
47640,51
47650,57
47660,33
47670,28
47680,29
47690,12
47700,60
47710,27
47720,36
47730,57
47740,20
47750,12
47760,7
47770,18
47780,56
47790,40
47800,30
47810,51
47820,20
47830,5
47840,23
47850,42
47860,47
47870,25
47880,51
47890,12
47900,52
47910,56
47920,15
47930,36
47940,37
47950,36
47960,32
47970,8
47980,53
47990,40
48000,19
48010,35
48020,5
48030,6
48040,50
48050,20
48060,26
48070,59
48080,9
48090,3
48100,34
48110,15
48120,0
48130,11
48140,21
48150,47
48160,56
48170,25
48180,5
48190,13
48200,43
48210,33
48220,16
48230,35
48240,3
48250,56
48260,30
48270,29
48280,9
48290,15
48300,24
48310,53
48320,4
48330,12
48340,60
48350,42
48360,48
48370,24
48380,45
48390,23
48400,38
48410,39
48420,42
48430,7
48440,33
48450,18
48460,47
48470,20
48480,14
48490,2
48500,3
48510,3
48520,1
48530,23
48540,37
48550,3
48560,51
48570,34
48580,57
48590,21
48600,46
48610,5
48620,25
48630,52
48640,49
48650,6
48660,10
48670,38
48680,18
48690,26
48700,6
48710,20
48720,32
48730,9
48740,23
48750,22
48760,4
48770,28
48780,22
48790,22
48800,60
48810,48
48820,7
48830,25
48840,19
48850,5
48860,5
48870,33
48880,6
48890,30
48900,2
48910,42
48920,2
48930,53
48940,60
48950,12
48960,39
48970,43
48980,2
48990,36
49000,5
49010,56
49020,14
49030,53
49040,7
49050,10
49060,29
49070,50
49080,33
49090,23
49100,23
49110,9
49120,60
49130,8
49140,23
49150,8
49160,29
49170,57
49180,49
49190,17
49200,20
49210,43
49220,45
49230,35
49240,29
49250,38
49260,53
49270,49
49280,19
49290,36
49300,17
49310,2
49320,57
49330,58
49340,37
49350,24
49360,21
49370,3
49380,51
49390,57
49400,27
49410,4
49420,58
49430,17
49440,6
49450,43
49460,2
49470,56
49480,44
49490,22
49500,19
49510,56
49520,35
49530,40
49540,42
49550,40
49560,24
49570,35
49580,46
49590,57
49600,7
49610,4
49620,53
49630,43
49640,18
49650,9
49660,7
49670,58
49680,37
49690,3
49700,54
49710,36
49720,6
49730,20
49740,31
49750,46
49760,48
49770,19
49780,47
49790,5
49800,25
49810,32
49820,4
49830,0
49840,23
49850,36
49860,5
49870,4
49880,6
49890,51
49900,24
49910,3
49920,33
49930,12
49940,26
49950,47
49960,12
49970,47
49980,42
49990,52
50000,46
50010,43
50020,30
50030,10
50040,8
50050,50
50060,25
50070,59
50080,50
50090,46
50100,0
50110,19
50120,42
50130,33
50140,37
50150,50
50160,3
50170,17
50180,4
50190,31
50200,34
50210,23
50220,47
50230,60
50240,13
50250,42
50260,2
50270,56
50280,36
50290,5
50300,51
50310,3
50320,27
50330,46
50340,46
50350,43
50360,18
50370,41
50380,44
50390,50
50400,43
50410,4
50420,54
50430,9
50440,52
50450,44
50460,9
50470,28
50480,59
50490,44
50500,50
50510,4
50520,40
50530,53
50540,0
50550,16
50560,21
50570,9
50580,24
50590,20
50600,22
50610,57
50620,57
50630,49
50640,43
50650,4
50660,7
50670,51
50680,49
50690,48
50700,8
50710,19
50720,27
50730,12
50740,56
50750,50
50760,7
50770,32
50780,56
50790,57
50800,33
50810,17
50820,53
50830,7
50840,2
50850,18
50860,11
50870,43
50880,48
50890,27
50900,10
50910,18
50920,26
50930,45
50940,60
50950,23
50960,5
50970,39
50980,29
50990,52
51000,40
51010,47
51020,54
51030,29
51040,9
51050,35
51060,52
51070,26
51080,42
51090,40
51100,42
51110,54
51120,43
51130,49
51140,33
51150,6
51160,42
51170,4
51180,27
51190,46
51200,7
51210,13
51220,24
51230,32
51240,4
51250,14
51260,34
51270,47
51280,47
51290,38
51300,43
51310,2
51320,19
51330,40
51340,0
51350,34
51360,13
51370,56
51380,5
51390,3
51400,17
51410,29
51420,0
51430,43
51440,33
51450,45
51460,26
51470,21
51480,37
51490,11
51500,4
51510,25
51520,17
51530,46
51540,49
51550,57
51560,10
51570,25
51580,50
51590,0
51600,8
51610,6
51620,21
51630,22
51640,28
51650,22
51660,18
51670,55
51680,25
51690,30
51700,34
51710,27
51720,22
51730,14
51740,60
51750,60
51760,45
51770,53
51780,56
51790,0
51800,10
51810,38
51820,46
51830,48
51840,26
51850,24
51860,36
51870,56
51880,43
51890,18
51900,53
51910,8
51920,46
51930,36
51940,5
51950,19
51960,56
51970,38
51980,0
51990,8
52000,10
52010,57
52020,53
52030,11
52040,0
52050,46
52060,20
52070,50
52080,29
52090,1
52100,59
52110,26
52120,46
52130,15
52140,6
52150,30
52160,60
52170,35
52180,21
52190,22
52200,1
52210,8
52220,44
52230,39
52240,15
52250,38
52260,26
52270,52
52280,57
52290,39
52300,8
52310,23
52320,27
52330,7
52340,40
52350,21
52360,23
52370,40
52380,40
52390,18
52400,33
52410,17
52420,3
52430,43
52440,17
52450,47
52460,57
52470,9
52480,40
52490,31
52500,11
52510,34
52520,52
52530,49
52540,6
52550,3
52560,9
52570,40
52580,47
52590,52
52600,54
52610,36
52620,56
52630,31
52640,28
52650,60
52660,9
52670,34
52680,53
52690,37
52700,39
52710,47
52720,18
52730,44
52740,25
52750,12
52760,12
52770,50
52780,3
52790,52
52800,56
52810,16
52820,15
52830,2
52840,40
52850,13
52860,7
52870,34
52880,36
52890,20
52900,23
52910,31
52920,19
52930,58
52940,33
52950,59
52960,11
52970,31
52980,21
52990,7
53000,50
53010,54
53020,10
53030,1
53040,45
53050,46
53060,28
53070,5
53080,15
53090,36
53100,9
53110,42
53120,47
53130,5
53140,47
53150,3
53160,26
53170,41
53180,53
53190,0
53200,38
53210,57
53220,29
53230,13
53240,53
53250,34
53260,20
53270,48
53280,15
53290,40
53300,15
53310,18
53320,34
53330,21
53340,45
53350,29
53360,33
53370,60
53380,17
53390,30
53400,51
53410,32
53420,39
53430,32
53440,29
53450,29
53460,40
53470,1
53480,11
53490,30
53500,53
53510,25
53520,33
53530,2
53540,56
53550,44
53560,52
53570,1
53580,4
53590,52
53600,27
53610,4
53620,14
53630,6
53640,46
53650,55
53660,42
53670,44
53680,60
53690,38
53700,36
53710,47
53720,5
53730,7
53740,41
53750,24
53760,38
53770,40
53780,20
53790,56
53800,22
53810,55
53820,11
53830,23
53840,6
53850,45
53860,4
53870,54
53880,23
53890,13
53900,3
53910,24
53920,25
53930,1
53940,32
53950,48
53960,24
53970,7
53980,22
53990,11
54000,51
54010,28
54020,23
54030,2
54040,15
54050,59
54060,48
54070,57
54080,29
54090,32
54100,50
54110,13
54120,31
54130,60
54140,5
54150,39
54160,9
54170,9
54180,41
54190,32
54200,36
54210,34
54220,40
54230,21
54240,19
54250,59
54260,44
54270,37
54280,28
54290,10
54300,38
54310,10
54320,15
54330,46
54340,37
54350,6
54360,51
54370,13
54380,21
54390,48
54400,33
54410,2
54420,11
54430,43
54440,59
54450,38
54460,6
54470,0
54480,18
54490,38
54500,0
54510,41
54520,36
54530,25
54540,35
54550,2
54560,11
54570,25
54580,13
54590,32
54600,13
54610,41
54620,7
54630,18
54640,23
54650,30
54660,48
54670,33
54680,29
54690,36
54700,21
54710,42
54720,18
54730,30
54740,18
54750,7
54760,32
54770,51
54780,36
54790,29
54800,3
54810,39
54820,34
54830,4
54840,42
54850,58
54860,58
54870,22
54880,43
54890,58
54900,23
54910,22
54920,35
54930,21
54940,46
54950,27
54960,30
54970,21
54980,6
54990,26
55000,2
55010,22
55020,19
55030,7
55040,10
55050,54
55060,29
55070,34
55080,39
55090,55
55100,5
55110,17
55120,53
55130,41
55140,46
55150,50
55160,51
55170,56
55180,37
55190,7
55200,36
55210,27
55220,21
55230,14
55240,24
55250,17
55260,49
55270,14
55280,21
55290,18
55300,6
55310,52
55320,44
55330,47
55340,11
55350,17
55360,19
55370,49
55380,35
55390,51
55400,20
55410,3
55420,24
55430,21
55440,19
55450,19
55460,15
55470,5
55480,4
55490,26
55500,10
55510,31
55520,35
55530,35
55540,42
55550,52
55560,15
55570,6
55580,10
55590,2
55600,28
55610,39
55620,59
55630,43
55640,60
55650,30
55660,28
55670,30
55680,52
55690,16
55700,33
55710,44
55720,4
55730,60
55740,16
55750,34
55760,19
55770,14
55780,39
55790,25
55800,45
55810,2
55820,56
55830,29
55840,22
55850,18
55860,43
55870,53
55880,15
55890,49
55900,48
55910,15
55920,50
55930,54
55940,32
55950,12
55960,44
55970,24
55980,44
55990,9
56000,24
56010,2
56020,57
56030,60
56040,18
56050,53
56060,16
56070,25
56080,3
56090,40
56100,33
56110,0
56120,58
56130,7
56140,30
56150,24
56160,54
56170,56
56180,54
56190,60
56200,11
56210,7
56220,45
56230,40
56240,23
56250,48
56260,56
56270,47
56280,57
56290,59
56300,20
56310,12
56320,10
56330,7
56340,41
56350,25
56360,13
56370,35
56380,58
56390,39
56400,18
56410,29
56420,10
56430,47
56440,32
56450,2
56460,60
56470,50
56480,53
56490,12
56500,40
56510,5
56520,25
56530,36
56540,52
56550,57
56560,16
56570,7
56580,10
56590,27
56600,45
56610,57
56620,51
56630,56
56640,11
56650,7
56660,53
56670,2
56680,48
56690,22
56700,56
56710,16
56720,21
56730,55
56740,11
56750,58
56760,48
56770,55
56780,25
56790,41
56800,38
56810,3
56820,33
56830,3
56840,33
56850,26
56860,24
56870,49
56880,60
56890,32
56900,48
56910,19
56920,12
56930,35
56940,30
56950,46
56960,7
56970,47
56980,12
56990,31
57000,41
57010,17
57020,32
57030,54
57040,41
57050,5
57060,60
57070,49
57080,16
57090,59
57100,21
57110,29
57120,41
57130,33
57140,12
57150,43
57160,1
57170,14
57180,20
57190,12
57200,48
57210,48
57220,14
57230,5
57240,17
57250,4
57260,47
57270,0
57280,30
57290,47
57300,3
57310,33
57320,6
57330,15
57340,53
57350,15
57360,39
57370,20
57380,43
57390,4
57400,33
57410,27
57420,4
57430,8
57440,10
57450,7
57460,56
57470,59
57480,26
57490,15
57500,35
57510,5
57520,15
57530,12
57540,40
57550,44
57560,42
57570,60
57580,33
57590,15
57600,21
57610,18
57620,56
57630,5
57640,23
57650,5
57660,4
57670,28
57680,52
57690,59
57700,17
57710,16
57720,56
57730,48
57740,19
57750,28
57760,5
57770,7
57780,59
57790,5
57800,26
57810,19
57820,34
57830,46
57840,37
57850,27
57860,17
57870,22
57880,19
57890,20
57900,17
57910,33
57920,35
57930,55
57940,5
57950,60
57960,13
57970,58
57980,50
57990,49
58000,2
58010,19
58020,31
58030,6
58040,6
58050,60
58060,11
58070,30
58080,11
58090,15
58100,54
58110,6
58120,32
58130,60
58140,38
58150,46
58160,25
58170,30
58180,8
58190,16
58200,12
58210,7
58220,1
58230,40
58240,54
58250,28
58260,60
58270,8
58280,58
58290,32
58300,38
58310,0
58320,21
58330,32
58340,16
58350,56
58360,47
58370,40
58380,10
58390,22
58400,20
58410,30
58420,29
58430,49
58440,5
58450,11
58460,2
58470,33
58480,19
58490,15
58500,7
58510,29
58520,21
58530,13
58540,59
58550,34
58560,50
58570,56
58580,3
58590,15
58600,54
58610,46
58620,21
58630,28
58640,9
58650,50
58660,23
58670,0
58680,42
58690,26
58700,41
58710,49
58720,51
58730,19
58740,52
58750,23
58760,46
58770,45
58780,2
58790,49
58800,43
58810,7
58820,29
58830,58
58840,45
58850,58
58860,3
58870,2
58880,52
58890,52
58900,58
58910,27
58920,54
58930,14
58940,30
58950,17
58960,18
58970,23
58980,4
58990,37
59000,16
59010,28
59020,1
59030,14
59040,41
59050,25
59060,2
59070,18
59080,17
59090,40
59100,50
59110,40
59120,30
59130,59
59140,11
59150,14
59160,39
59170,16
59180,27
59190,59
59200,9
59210,49
59220,25
59230,33
59240,42
59250,43
59260,36
59270,51
59280,5
59290,47
59300,41
59310,48
59320,7
59330,11
59340,0
59350,14
59360,24
59370,4
59380,27
59390,34
59400,53
59410,44
59420,55
59430,6
59440,12
59450,9
59460,52
59470,3
59480,21
59490,27
59500,17
59510,13
59520,43
59530,25
59540,2
59550,56
59560,16
59570,54
59580,51
59590,17
59600,32
59610,30
59620,25
59630,4
59640,55
59650,6
59660,24
59670,58
59680,58
59690,44
59700,35
59710,38
59720,43
59730,53
59740,29
59750,3
59760,27
59770,57
59780,54
59790,4
59800,56
59810,35
59820,12
59830,36
59840,49
59850,4
59860,21
59870,36
59880,55
59890,44
59900,6
59910,53
59920,24
59930,22
59940,28
59950,53
59960,4
59970,43
59980,41
59990,0
60000,17
60010,19
60020,0
60030,53
60040,28
60050,33
60060,33
60070,22
60080,53
60090,44
60100,15
60110,20
60120,46
60130,33
60140,2
60150,40
60160,1
60170,50
60180,22
60190,35
60200,11
60210,25
60220,9
60230,11
60240,38
60250,29
60260,19
60270,39
60280,53
60290,19
60300,18
60310,48
60320,46
60330,8
60340,41
60350,30
60360,16
60370,36
60380,36
60390,57
60400,14
60410,55
60420,4
60430,46
60440,3
60450,24
60460,9
60470,8
60480,50
60490,58
60500,44
60510,19
60520,3
60530,22
60540,4
60550,24
60560,11
60570,21
60580,19
60590,44
60600,42
60610,28
60620,55
60630,47
60640,14
60650,54
60660,37
60670,21
60680,18
60690,59
60700,10
60710,7
60720,53
60730,3
60740,37
60750,25
60760,19
60770,23
60780,0
60790,38
60800,51
60810,44
60820,41
60830,4
60840,55
60850,47
60860,35
60870,58
60880,23
60890,38
60900,41
60910,12
60920,8
60930,46
60940,43
60950,44
60960,44
60970,7
60980,54
60990,49
61000,25
61010,59
61020,5
61030,57
61040,22
61050,1
61060,52
61070,11
61080,10
61090,8
61100,31
61110,46
61120,33
61130,55
61140,14
61150,55
61160,45
61170,44
61180,54
61190,54
61200,6
61210,52
61220,18
61230,23
61240,7
61250,29
61260,59
61270,7
61280,11
61290,40
61300,47
61310,2
61320,40
61330,52
61340,35
61350,15
61360,29
61370,27
61380,24
61390,56
61400,0
61410,26
61420,56
61430,20
61440,45
61450,15
61460,41
61470,60
61480,38
61490,8
61500,39
61510,56
61520,16
61530,11
61540,46
61550,1
61560,32
61570,36
61580,18
61590,20
61600,51
61610,31
61620,47
61630,42
61640,25
61650,3
61660,47
61670,12
61680,20
61690,36
61700,48
61710,54
61720,53
61730,29
61740,31
61750,48
61760,36
61770,58
61780,54
61790,49
61800,12
61810,22
61820,26
61830,6
61840,36
61850,34
61860,59
61870,10
61880,12
61890,28
61900,15
61910,52
61920,43
61930,58
61940,14
61950,25
61960,11
61970,3
61980,27
61990,24
62000,49
62010,8
62020,5
62030,23
62040,54
62050,48
62060,33
62070,53
62080,35
62090,31
62100,24
62110,32
62120,33
62130,11
62140,46
62150,27
62160,21
62170,2
62180,8
62190,3
62200,16
62210,36
62220,53
62230,33
62240,15
62250,3
62260,8
62270,37
62280,51
62290,1
62300,23
62310,55
62320,26
62330,24
62340,18
62350,43
62360,12
62370,47
62380,36
62390,7
62400,9
62410,47
62420,15
62430,57
62440,39
62450,39
62460,54
62470,53
62480,9
62490,20
62500,24
62510,20
62520,38
62530,35
62540,10
62550,9
62560,21
62570,14
62580,21
62590,15
62600,50
62610,54
62620,31
62630,52
62640,43
62650,45
62660,59
62670,2
62680,43
62690,12
62700,45
62710,29
62720,10
62730,0
62740,11
62750,34
62760,52
62770,58
62780,25
62790,59
62800,53
62810,32
62820,18
62830,37
62840,22
62850,45
62860,2
62870,12
62880,47
62890,39
62900,41
62910,10
62920,26
62930,46
62940,57
62950,10
62960,58
62970,17
62980,28
62990,55
63000,3
63010,29
63020,50
63030,4
63040,20
63050,32
63060,24
63070,30
63080,34
63090,15
63100,40
63110,56
63120,18
63130,47
63140,43
63150,11
63160,1
63170,31
63180,17
63190,14
63200,16
63210,28
63220,17
63230,18
63240,12
63250,8
63260,59
63270,18
63280,37
63290,26
63300,48
63310,9
63320,54
63330,18
63340,3
63350,33
63360,13
63370,16
63380,17
63390,7
63400,43
63410,20
63420,30
63430,50
63440,1
63450,57
63460,43
63470,23
63480,25
63490,33
63500,42
63510,15
63520,42
63530,11
63540,55
63550,4
63560,23
63570,43
63580,9
63590,57
63600,12
63610,59
63620,26
63630,54
63640,41
63650,57
63660,30
63670,1
63680,16
63690,16
63700,25
63710,1
63720,48
63730,36
63740,44
63750,16
63760,45
63770,34
63780,34
63790,12
63800,5
63810,20
63820,29
63830,11
63840,54
63850,40
63860,29
63870,15
63880,10
63890,49
63900,42
63910,38
63920,1
63930,28
63940,58
63950,28
63960,58
63970,46
63980,13
63990,55
64000,13
64010,11
64020,57
64030,4
64040,7
64050,59
64060,10
64070,38
64080,25
64090,40
64100,48
64110,57
64120,58
64130,34
64140,45
64150,41
64160,31
64170,60
64180,45
64190,58
64200,1
64210,17
64220,54
64230,39
64240,35
64250,11
64260,12
64270,3
64280,32
64290,15
64300,1
64310,42
64320,14
64330,17
64340,9
64350,37
64360,14
64370,60
64380,46
64390,49
64400,57
64410,14
64420,51
64430,41
64440,38
64450,10
64460,47
64470,8
64480,40
64490,37
64500,53
64510,9
64520,20
64530,46
64540,52
64550,14
64560,60
64570,15
64580,22
64590,43
64600,48
64610,33
64620,1
64630,17
64640,4
64650,35
64660,33
64670,16
64680,18
64690,53
64700,0
64710,29
64720,53
64730,9
64740,43
64750,22
64760,58
64770,40
64780,5
64790,38
64800,7
64810,41
64820,7
64830,45
64840,55
64850,9
64860,26
64870,11
64880,37
64890,19
64900,42
64910,25
64920,6
64930,10
64940,29
64950,40
64960,13
64970,28
64980,52
64990,12
65000,17
65010,12
65020,5
65030,50
65040,18
65050,6
65060,36
65070,14
65080,58
65090,21
65100,39
65110,6
65120,4
65130,47
65140,19
65150,14
65160,25
65170,23
65180,2
65190,29
65200,6
65210,35
65220,58
65230,12
65240,41
65250,25
65260,1
65270,8
65280,23
65290,44
65300,24
65310,52
65320,31
65330,40
65340,25
65350,30
65360,55
65370,45
65380,39
65390,22
65400,16
65410,5
65420,51
65430,43
65440,53
65450,29
65460,25
65470,60
65480,52
65490,52
65500,56
65510,11
65520,53
65530,4
65540,18
65550,39
65560,25
65570,35
65580,48
65590,47
65600,22
65610,25
65620,32
65630,40
65640,41
65650,48
65660,37
65670,30
65680,12
65690,6
65700,50
65710,11
65720,9
65730,28
65740,37
65750,30
65760,58
65770,14
65780,16
65790,32
65800,3
65810,35
65820,7
65830,52
65840,51
65850,28
65860,51
65870,60
65880,0
65890,31
65900,7
65910,20
65920,0
65930,33
65940,53
65950,27
65960,44
65970,14
65980,39
65990,51
66000,26
66010,12
66020,4
66030,57
66040,37
66050,33
66060,22
66070,0
66080,24
66090,49
66100,56
66110,13
66120,22
66130,43
66140,41
66150,49
66160,12
66170,35
66180,31
66190,24
66200,15
66210,1
66220,32
66230,27
66240,50
66250,38
66260,28
66270,51
66280,55
66290,59
66300,5
66310,5
66320,2
66330,40
66340,18
66350,2
66360,43
66370,23
66380,1
66390,10
66400,22
66410,18
66420,53
66430,27
66440,11
66450,27
66460,23
66470,10
66480,32
66490,58
66500,10
66510,34
66520,29
66530,20
66540,56
66550,43
66560,9
66570,43
66580,16
66590,19
66600,60
66610,17
66620,2
66630,1
66640,55
66650,13
66660,58
66670,44
66680,35
66690,6
66700,46
66710,18
66720,8
66730,47
66740,12
66750,8
66760,28
66770,13
66780,34
66790,14
66800,2
66810,58
66820,39
66830,52
66840,26
66850,10
66860,46
66870,48
66880,56
66890,34
66900,9
66910,42
66920,6
66930,56
66940,60
66950,35
66960,22
66970,25
66980,33
66990,27
67000,47
67010,3
67020,45
67030,39
67040,27
67050,49
67060,36
67070,47
67080,22
67090,46
67100,13
67110,0
67120,55
67130,12
67140,9
67150,39
67160,54
67170,7
67180,25
67190,8
67200,27
67210,2
67220,46
67230,29
67240,35
67250,17
67260,59
67270,34
67280,15
67290,46
67300,7
67310,6
67320,9
67330,55
67340,34
67350,35
67360,19
67370,32
67380,44
67390,7
67400,26
67410,51
67420,31
67430,1
67440,15
67450,28
67460,0
67470,6
67480,59
67490,23
67500,21
67510,25
67520,22
67530,54
67540,50
67550,3
67560,20
67570,25
67580,19
67590,48
67600,19
67610,57
67620,25
67630,17
67640,6
67650,10
67660,17
67670,11
67680,56
67690,10
67700,25
67710,33
67720,59
67730,22
67740,3
67750,40
67760,40
67770,58
67780,8
67790,31
67800,33
67810,6
67820,26
67830,12
67840,5
67850,60
67860,38
67870,21
67880,40
67890,5
67900,49
67910,24
67920,10
67930,18
67940,5
67950,54
67960,42
67970,34
67980,56
67990,36
68000,9
68010,28
68020,4
68030,8
68040,8
68050,4
68060,59
68070,0
68080,37
68090,8
68100,24
68110,26
68120,57
68130,18
68140,3
68150,9
68160,9
68170,60
68180,7
68190,59
68200,45
68210,43
68220,16
68230,22
68240,34
68250,50
68260,24
68270,10
68280,29
68290,3
68300,2
68310,5
68320,47
68330,38
68340,27
68350,28
68360,39
68370,3
68380,30
68390,9
68400,5
68410,3
68420,36
68430,25
68440,10
68450,7
68460,1
68470,13
68480,39
68490,53
68500,40
68510,37
68520,49
68530,45
68540,54
68550,8
68560,40
68570,53
68580,8
68590,45
68600,3
68610,9
68620,42
68630,27
68640,10
68650,41
68660,1
68670,36
68680,24
68690,44
68700,20
68710,41
68720,41
68730,15
68740,35
68750,56
68760,11
68770,47
68780,48
68790,26
68800,53
68810,7
68820,41
68830,56
68840,23
68850,58
68860,48
68870,12
68880,17
68890,39
68900,46
68910,56
68920,23
68930,45
68940,39
68950,29
68960,23
68970,1
68980,10
68990,50
69000,43
69010,39
69020,58
69030,0
69040,52
69050,9
69060,46
69070,3
69080,35
69090,6
69100,28
69110,35
69120,52
69130,31
69140,42
69150,34
69160,52
69170,27
69180,15
69190,36
69200,57
69210,20
69220,37
69230,5
69240,39
69250,26
69260,25
69270,52
69280,42
69290,6
69300,60
69310,49
69320,43
69330,49
69340,10
69350,26
69360,56
69370,30
69380,17
69390,31
69400,9
69410,5
69420,41
69430,7
69440,44
69450,54
69460,39
69470,17
69480,4
69490,54
69500,43
69510,55
69520,30
69530,24
69540,16
69550,19
69560,49
69570,47
69580,5
69590,24
69600,11
69610,60
69620,59
69630,34
69640,42
69650,34
69660,1
69670,10
69680,0
69690,13
69700,35
69710,50
69720,54
69730,19
69740,6
69750,37
69760,37
69770,30
69780,22
69790,23
69800,57
69810,16
69820,47
69830,32
69840,37
69850,58
69860,15
69870,31
69880,41
69890,47
69900,45
69910,10
69920,18
69930,9
69940,25
69950,8
69960,60
69970,8
69980,7
69990,14
70000,15
70010,3
70020,20
70030,38
70040,23
70050,57
70060,43
70070,39
70080,11
70090,2
70100,33
70110,1
70120,6
70130,26
70140,10
70150,3
70160,43
70170,12
70180,56
70190,31
70200,36
70210,5
70220,16
70230,19
70240,0
70250,9
70260,57
70270,29
70280,14
70290,42
70300,54
70310,34
70320,6
70330,14
70340,40
70350,45
70360,10
70370,46
70380,31
70390,15
70400,25
70410,32
70420,7
70430,55
70440,3
70450,7
70460,10
70470,43
70480,21
70490,42
70500,46
70510,60
70520,10
70530,27
70540,45
70550,34
70560,18
70570,10
70580,24
70590,41
70600,46
70610,6
70620,44
70630,17
70640,49
70650,3
70660,51
70670,5
70680,11
70690,31
70700,57
70710,30
70720,10
70730,13
70740,12
70750,24
70760,45
70770,5
70780,56
70790,23
70800,57
70810,44
70820,7
70830,32
70840,45
70850,15
70860,36
70870,60
70880,35
70890,29
70900,37
70910,12
70920,23
70930,49
70940,14
70950,47
70960,31
70970,15
70980,34
70990,19
71000,45
71010,11
71020,17
71030,39
71040,53
71050,54
71060,1
71070,39
71080,52
71090,0
71100,52
71110,41
71120,45
71130,34
71140,1
71150,37
71160,36
71170,19
71180,54
71190,5
71200,4
71210,30
71220,50
71230,11
71240,33
71250,13
71260,49
71270,39
71280,16
71290,3
71300,13
71310,12
71320,41
71330,27
71340,17
71350,25
71360,14
71370,48
71380,25
71390,14
71400,13
71410,47
71420,25
71430,56
71440,18
71450,51
71460,6
71470,46
71480,55
71490,20
71500,51
71510,53
71520,36
71530,48
71540,9
71550,37
71560,57
71570,30
71580,58
71590,7
71600,6
71610,16
71620,35
71630,18
71640,14
71650,17
71660,10
71670,40
71680,34
71690,28
71700,8
71710,41
71720,18
71730,27
71740,40
71750,52
71760,9
71770,19
71780,10
71790,16
71800,47
71810,35
71820,5
71830,49
71840,60
71850,55
71860,6
71870,56
71880,51
71890,56
71900,25
71910,1
71920,18
71930,16
71940,28
71950,27
71960,5
71970,28
71980,7
71990,24
72000,47
72010,12
72020,8
72030,16
72040,26
72050,10
72060,60
72070,22
72080,24
72090,14
72100,17
72110,49
72120,51
72130,15
72140,4
72150,23
72160,30
72170,52
72180,28
72190,5
72200,0
72210,25
72220,30
72230,21
72240,39
72250,5
72260,10
72270,3
72280,21
72290,59
72300,18
72310,17
72320,35
72330,47
72340,55
72350,27
72360,19
72370,13
72380,29
72390,9
72400,15
72410,33
72420,37
72430,41
72440,46
72450,38
72460,20
72470,32
72480,55
72490,10
72500,25
72510,44
72520,32
72530,47
72540,23
72550,54
72560,60
72570,23
72580,16
72590,31
72600,59
72610,16
72620,9
72630,42
72640,20
72650,32
72660,27
72670,45
72680,5
72690,56
72700,50
72710,24
72720,2
72730,30
72740,18
72750,34
72760,51
72770,57
72780,5
72790,41
72800,2
72810,13
72820,28
72830,19
72840,59
72850,30
72860,12
72870,17
72880,48
72890,30
72900,56
72910,28
72920,37
72930,15
72940,38
72950,44
72960,17
72970,19
72980,7
72990,31
73000,51
73010,26
73020,56
73030,21
73040,27
73050,8
73060,20
73070,42
73080,46
73090,14
73100,32
73110,13
73120,38
73130,7
73140,2
73150,0
73160,11
73170,10
73180,17
73190,1
73200,19
73210,9
73220,7
73230,3
73240,55
73250,26
73260,32
73270,36
73280,36
73290,30
73300,41
73310,57
73320,59
73330,14
73340,58
73350,9
73360,12
73370,5
73380,23
73390,43
73400,48
73410,24
73420,8
73430,32
73440,49
73450,21
73460,8
73470,30
73480,48
73490,36
73500,54
73510,39
73520,56
73530,47
73540,7
73550,23
73560,20
73570,52
73580,44
73590,52
73600,2
73610,33
73620,48
73630,4
73640,5
73650,16
73660,42
73670,46
73680,57
73690,20
73700,23
73710,0
73720,6
73730,46
73740,57
73750,45
73760,21
73770,13
73780,56
73790,51
73800,39
73810,53
73820,15
73830,44
73840,0
73850,55
73860,27
73870,8
73880,36
73890,38
73900,34
73910,41
73920,6
73930,60
73940,34
73950,40
73960,37
73970,51
73980,45
73990,11
74000,29
74010,31
74020,59
74030,44
74040,48
74050,46
74060,40
74070,14
74080,60
74090,18
74100,52
74110,38
74120,50
74130,50
74140,45
74150,42
74160,52
74170,19
74180,44
74190,26
74200,30
74210,33
74220,34
74230,4
74240,44
74250,1
74260,9
74270,35
74280,33
74290,4
74300,11
74310,52
74320,51
74330,58
74340,0
74350,54
74360,45
74370,50
74380,27
74390,4
74400,28
74410,3
74420,2
74430,6
74440,21
74450,55
74460,60
74470,46
74480,10
74490,53
74500,27
74510,5
74520,2
74530,18
74540,17
74550,4
74560,36
74570,8
74580,23
74590,0
74600,23
74610,36
74620,15
74630,15
74640,7
74650,51
74660,2
74670,6
74680,47
74690,23
74700,23
74710,51
74720,23
74730,45
74740,32
74750,7
74760,36
74770,18
74780,45
74790,3
74800,30
74810,42
74820,21
74830,29
74840,11
74850,11
74860,15
74870,43
74880,9
74890,60
74900,35
74910,31
74920,59
74930,37
74940,42
74950,6
74960,3
74970,12
74980,1
74990,36
75000,43
75010,55
75020,56
75030,24
75040,11
75050,44
75060,0
75070,36
75080,51
75090,26
75100,27
75110,5
75120,1
75130,53
75140,45
75150,10
75160,39
75170,9
75180,58
75190,6
75200,22
75210,54
75220,60
75230,39
75240,2
75250,0
75260,19
75270,58
75280,46
75290,43
75300,31
75310,57
75320,42
75330,13
75340,52
75350,57
75360,5
75370,26
75380,27
75390,39
75400,33
75410,36
75420,44
75430,54
75440,36
75450,45
75460,20
75470,26
75480,7
75490,21
75500,45
75510,30
75520,28
75530,59
75540,46
75550,54
75560,3
75570,1
75580,19
75590,31
75600,51
75610,22
75620,57
75630,17
75640,48
75650,8
75660,60
75670,15
75680,50
75690,23
75700,41
75710,16
75720,51
75730,7
75740,27
75750,5
75760,41
75770,34
75780,60
75790,34
75800,19
75810,52
75820,27
75830,54
75840,4
75850,27
75860,27
75870,46
75880,15
75890,2
75900,45
75910,30
75920,46
75930,7
75940,23
75950,21
75960,39
75970,56
75980,1
75990,23
76000,3
76010,28
76020,42
76030,5
76040,9
76050,12
76060,47
76070,34
76080,19
76090,27
76100,51
76110,49
76120,17
76130,47
76140,8
76150,40
76160,39
76170,44
76180,49
76190,38
76200,23
76210,29
76220,36
76230,0
76240,57
76250,48
76260,58
76270,36
76280,42
76290,6
76300,38
76310,58
76320,4
76330,48
76340,10
76350,5
76360,22
76370,17
76380,55
76390,27
76400,8
76410,50
76420,8
76430,6
76440,4
76450,24
76460,3
76470,13
76480,26
76490,60
76500,49
76510,38
76520,6
76530,0
76540,55
76550,50
76560,15
76570,58
76580,37
76590,47
76600,27
76610,55
76620,29
76630,57
76640,6
76650,31
76660,10
76670,48
76680,46
76690,6
76700,6
76710,20
76720,2
76730,50
76740,47
76750,53
76760,19
76770,13
76780,59
76790,9
76800,43
76810,7
76820,14
76830,16
76840,36
76850,51
76860,37
76870,21
76880,56
76890,40
76900,29
76910,4
76920,32
76930,33
76940,52
76950,40
76960,28
76970,18
76980,12
76990,9
77000,25
77010,15
77020,25
77030,53
77040,18
77050,33
77060,18
77070,22
77080,32
77090,18
77100,26
77110,38
77120,14
77130,1
77140,6
77150,0
77160,20
77170,43
77180,41
77190,31
77200,13
77210,3
77220,9
77230,16
77240,13
77250,38
77260,56
77270,55
77280,57
77290,1
77300,12
77310,6
77320,13
77330,51
77340,40
77350,29
77360,46
77370,6
77380,12
77390,21
77400,30
77410,57
77420,26
77430,53
77440,3
77450,5
77460,6
77470,38
77480,3
77490,48
77500,57
77510,0
77520,49
77530,58
77540,38
77550,25
77560,55
77570,31
77580,22
77590,10
77600,47
77610,5
77620,21
77630,55
77640,13
77650,0
77660,24
77670,52
77680,13
77690,37
77700,17
77710,6
77720,39
77730,48
77740,8
77750,31
77760,56
77770,29
77780,43
77790,57
77800,38
77810,8
77820,52
77830,59
77840,27
77850,19
77860,56
77870,57
77880,52
77890,32
77900,39
77910,9
77920,4
77930,28
77940,40
77950,14
77960,48
77970,3
77980,19
77990,25
78000,9
78010,52
78020,0
78030,56
78040,22
78050,4
78060,9
78070,50
78080,4
78090,6
78100,53
78110,38
78120,40
78130,24
78140,30
78150,35
78160,25
78170,23
78180,48
78190,38
78200,32
78210,14
78220,49
78230,45
78240,29
78250,33
78260,40
78270,53
78280,27
78290,28
78300,45
78310,47
78320,34
78330,23
78340,0
78350,55
78360,50
78370,54
78380,11
78390,59
78400,38
78410,38
78420,45
78430,43
78440,18
78450,59
78460,57
78470,55
78480,18
78490,55
78500,24
78510,11
78520,24
78530,4
78540,4
78550,33
78560,42
78570,60
78580,9
78590,35
78600,48
78610,21
78620,6
78630,44
78640,2
78650,21
78660,38
78670,56
78680,23
78690,5
78700,9
78710,49
78720,28
78730,4
78740,29
78750,38
78760,58
78770,49
78780,10
78790,12
78800,58
78810,24
78820,14
78830,28
78840,34
78850,22
78860,55
78870,51
78880,4
78890,17
78900,6
78910,60
78920,18
78930,30
78940,33
78950,25
78960,4
78970,42
78980,48
78990,44
79000,60
79010,0
79020,12
79030,26
79040,44
79050,10
79060,28
79070,57
79080,52
79090,34
79100,13
79110,50
79120,18
79130,0
79140,19
79150,52
79160,58
79170,2
79180,2
79190,31
79200,13
79210,17
79220,59
79230,12
79240,38
79250,32
79260,12
79270,0
79280,27
79290,58
79300,4
79310,6
79320,43
79330,37
79340,2
79350,50
79360,26
79370,54
79380,22
79390,29
79400,60
79410,27
79420,29
79430,7
79440,34
79450,34
79460,48
79470,4
79480,38
79490,9
79500,32
79510,25
79520,25
79530,50
79540,53
79550,20
79560,58
79570,56
79580,2
79590,40
79600,11
79610,41
79620,0
79630,22
79640,4
79650,38
79660,17
79670,49
79680,5
79690,0
79700,10
79710,60
79720,38
79730,19
79740,18
79750,60
79760,33
79770,23
79780,38
79790,18
79800,37
79810,39
79820,32
79830,57
79840,38
79850,25
79860,35
79870,49
79880,30
79890,32
79900,14
79910,28
79920,4
79930,56
79940,37
79950,31
79960,36
79970,19
79980,59
79990,50
80000,47
80010,17
80020,38
80030,43
80040,41
80050,2
80060,19
80070,18
80080,13
80090,52
80100,40
80110,18
80120,5
80130,20
80140,13
80150,59
80160,25
80170,33
80180,53
80190,36
80200,58
80210,57
80220,11
80230,35
80240,50
80250,10
80260,57
80270,32
80280,10
80290,12
80300,48
80310,16
80320,8
80330,18
80340,24
80350,41
80360,38
80370,58
80380,34
80390,9
80400,21
80410,40
80420,20
80430,17
80440,5
80450,22
80460,23
80470,9
80480,40
80490,35
80500,28
80510,8
80520,2
80530,29
80540,47
80550,9
80560,9
80570,56
80580,4
80590,14
80600,56
80610,13
80620,50
80630,39
80640,34
80650,52
80660,6
80670,40
80680,32
80690,49
80700,44
80710,58
80720,42
80730,45
80740,25
80750,1
80760,55
80770,4
80780,59
80790,10
80800,27
80810,59
80820,9
80830,3
80840,3
80850,41
80860,4
80870,3
80880,34
80890,60
80900,59
80910,17
80920,48
80930,22
80940,35
80950,20
80960,29
80970,29
80980,21
80990,0
81000,36
81010,3
81020,52
81030,22
81040,59
81050,0
81060,59
81070,34
81080,44
81090,4
81100,60
81110,17
81120,13
81130,36
81140,8
81150,51
81160,8
81170,57
81180,16
81190,10
81200,42
81210,44
81220,31
81230,37
81240,52
81250,24
81260,5
81270,42
81280,14
81290,4
81300,8
81310,46
81320,37
81330,32
81340,3
81350,39
81360,53
81370,43
81380,44
81390,37
81400,40
81410,37
81420,34
81430,14
81440,19
81450,7
81460,15
81470,52
81480,29
81490,9
81500,24
81510,16
81520,51
81530,56
81540,13
81550,30
81560,20
81570,27
81580,10
81590,47
81600,2
81610,18
81620,29
81630,22
81640,54
81650,3
81660,7
81670,30
81680,41
81690,13
81700,9
81710,31
81720,59
81730,48
81740,33
81750,52
81760,49
81770,49
81780,40
81790,28
81800,55
81810,32
81820,37
81830,5
81840,35
81850,35
81860,8
81870,12
81880,36
81890,53
81900,10
81910,24
81920,7
81930,43
81940,21
81950,19
81960,16
81970,0
81980,32
81990,0
82000,32
82010,7
82020,9
82030,50
82040,13
82050,36
82060,32
82070,46
82080,55
82090,56
82100,39
82110,29
82120,30
82130,3
82140,20
82150,25
82160,48
82170,37
82180,46
82190,42
82200,30
82210,43
82220,6
82230,37
82240,53
82250,35
82260,14
82270,38
82280,4
82290,51
82300,20
82310,27
82320,2
82330,43
82340,12
82350,14
82360,29
82370,21
82380,50
82390,1
82400,0
82410,43
82420,49
82430,18
82440,41
82450,38
82460,15
82470,19
82480,22
82490,15
82500,30
82510,30
82520,31
82530,56
82540,25
82550,39
82560,50
82570,41
82580,25
82590,5
82600,20
82610,22
82620,54
82630,50
82640,51
82650,24
82660,28
82670,54
82680,3
82690,11
82700,53
82710,37
82720,3
82730,48
82740,27
82750,38
82760,37
82770,19
82780,57
82790,42
82800,18
82810,35
82820,39
82830,41
82840,28
82850,14
82860,3
82870,44
82880,15
82890,4
82900,31
82910,31
82920,55
82930,24
82940,16
82950,32
82960,23
82970,39
82980,36
82990,35
83000,3
83010,35
83020,45
83030,33
83040,28
83050,6
83060,23
83070,17
83080,11
83090,55
83100,11
83110,28
83120,40
83130,7
83140,48
83150,17
83160,59
83170,7
83180,15
83190,34
83200,36
83210,45
83220,2
83230,16
83240,50
83250,31
83260,29
83270,29
83280,8
83290,23
83300,48
83310,30
83320,7
83330,29
83340,44
83350,42
83360,43
83370,11
83380,23
83390,60
83400,0
83410,2
83420,33
83430,12
83440,8
83450,32
83460,19
83470,46
83480,14
83490,55
83500,29
83510,20
83520,59
83530,1
83540,32
83550,45
83560,39
83570,34
83580,25
83590,52
83600,14
83610,22
83620,8
83630,33
83640,12
83650,27
83660,52
83670,54
83680,47
83690,10
83700,16
83710,45
83720,24
83730,28
83740,41
83750,21
83760,20
83770,59
83780,15
83790,3
83800,48
83810,37
83820,23
83830,16
83840,33
83850,47
83860,37
83870,14
83880,5
83890,54
83900,46
83910,10
83920,5
83930,49
83940,10
83950,50
83960,15
83970,31
83980,50
83990,26
84000,46
84010,59
84020,40
84030,49
84040,22
84050,4
84060,54
84070,12
84080,0
84090,31
84100,9
84110,56
84120,14
84130,27
84140,49
84150,43
84160,50
84170,18
84180,22
84190,9
84200,29
84210,7
84220,40
84230,20
84240,5
84250,34
84260,47
84270,58
84280,44
84290,23
84300,37
84310,30
84320,58
84330,40
84340,25
84350,45
84360,40
84370,15
84380,26
84390,20
84400,11
84410,48
84420,0
84430,54
84440,32
84450,43
84460,23
84470,42
84480,3
84490,57
84500,37
84510,36
84520,36
84530,48
84540,6
84550,6
84560,30
84570,59
84580,8
84590,30
84600,16
84610,24
84620,31
84630,57
84640,17
84650,11
84660,27
84670,7
84680,13
84690,5
84700,17
84710,30
84720,10
84730,42
84740,20
84750,26
84760,45
84770,3
84780,13
84790,5
84800,50
84810,43
84820,26
84830,32
84840,24
84850,52
84860,30
84870,1
84880,1
84890,0
84900,25
84910,5
84920,16
84930,50
84940,32
84950,20
84960,27
84970,21
84980,18
84990,57
85000,37
85010,48
85020,33
85030,26
85040,48
85050,44
85060,59
85070,23
85080,34
85090,27
85100,59
85110,48
85120,30
85130,15
85140,15
85150,29
85160,24
85170,18
85180,36
85190,50
85200,2
85210,7
85220,36
85230,9
85240,4
85250,60
85260,54
85270,13
85280,29
85290,35
85300,46
85310,33
85320,4
85330,52
85340,50
85350,30
85360,48
85370,14
85380,45
85390,43
85400,46
85410,55
85420,11
85430,14
85440,10
85450,17
85460,25
85470,5
85480,4
85490,29
85500,14
85510,36
85520,52
85530,5
85540,22
85550,42
85560,28
85570,41
85580,59
85590,27
85600,28
85610,53
85620,21
85630,8
85640,4
85650,34
85660,2
85670,21
85680,40
85690,6
85700,37
85710,14
85720,24
85730,59
85740,51
85750,30
85760,0
85770,51
85780,25
85790,24
85800,56
85810,57
85820,45
85830,8
85840,6
85850,7
85860,50
85870,1
85880,59
85890,29
85900,22
85910,46
85920,16
85930,18
85940,14
85950,43
85960,14
85970,29
85980,56
85990,20
86000,42
86010,11
86020,56
86030,39
86040,27
86050,17
86060,2
86070,43
86080,8
86090,36
86100,2
86110,25
86120,60
86130,21
86140,30
86150,53
86160,2
86170,37
86180,50
86190,9
86200,49
86210,38
86220,13
86230,12
86240,58
86250,22
86260,1
86270,31
86280,57
86290,4
86300,26
86310,23
86320,27
86330,24
86340,25
86350,32
86360,12
86370,4
86380,48
86390,39
86400,7
86410,60
86420,43
86430,2
86440,8
86450,16
86460,28
86470,19
86480,38
86490,52
86500,26
86510,60
86520,40
86530,47
86540,0
86550,35
86560,12
86570,7
86580,54
86590,18
86600,58
86610,23
86620,56
86630,56
86640,56
86650,47
86660,41
86670,38
86680,30
86690,44
86700,10
86710,41
86720,26
86730,33
86740,1
86750,50
86760,53
86770,22
86780,53
86790,47
86800,40
86810,6
86820,15
86830,45
86840,41
86850,1
86860,48
86870,31
86880,23
86890,36
86900,27
86910,60
86920,51
86930,48
86940,46
86950,22
86960,23
86970,48
86980,57
86990,25
87000,15
87010,18
87020,0
87030,33
87040,34
87050,23
87060,16
87070,37
87080,29
87090,55
87100,56
87110,22
87120,45
87130,20
87140,48
87150,26
87160,60
87170,53
87180,56
87190,47
87200,43
87210,13
87220,19
87230,40
87240,7
87250,4
87260,17
87270,34
87280,58
87290,28
87300,31
87310,13
87320,8
87330,13
87340,41
87350,27
87360,30
87370,26
87380,51
87390,52
87400,3
87410,25
87420,43
87430,41
87440,27
87450,17
87460,41
87470,20
87480,36
87490,11
87500,20
87510,19
87520,13
87530,12
87540,21
87550,11
87560,27
87570,2
87580,53
87590,45
87600,51
87610,31
87620,13
87630,46
87640,21
87650,10
87660,9
87670,47
87680,10
87690,52
87700,29
87710,7
87720,47
87730,53
87740,23
87750,13
87760,1
87770,56
87780,9
87790,0
87800,55
87810,24
87820,32
87830,50
87840,40
87850,3
87860,0
87870,13
87880,11
87890,51
87900,32
87910,14
87920,20
87930,16
87940,34
87950,26
87960,3
87970,46
87980,35
87990,22
88000,36
88010,18
88020,45
88030,31
88040,22
88050,48
88060,5
88070,3
88080,3
88090,28
88100,18
88110,23
88120,40
88130,20
88140,12
88150,7
88160,4
88170,25
88180,5
88190,9
88200,22
88210,2
88220,17
88230,34
88240,4
88250,52
88260,57
88270,20
88280,59
88290,27
88300,13
88310,59
88320,37
88330,46
88340,44
88350,25
88360,7
88370,43
88380,57
88390,45
88400,14
88410,4
88420,27
88430,60
88440,48
88450,45
88460,11
88470,26
88480,3
88490,26
88500,14
88510,9
88520,46
88530,32
88540,59
88550,14
88560,10
88570,3
88580,4
88590,26
88600,29
88610,14
88620,48
88630,33
88640,32
88650,28
88660,46
88670,49
88680,34
88690,35
88700,40
88710,32
88720,20
88730,26
88740,19
88750,43
88760,39
88770,4
88780,41
88790,15
88800,33
88810,13
88820,12
88830,21
88840,14
88850,57
88860,20
88870,52
88880,42
88890,31
88900,41
88910,26
88920,5
88930,54
88940,7
88950,56
88960,1
88970,38
88980,49
88990,37
89000,31
89010,56
89020,54
89030,24
89040,3
89050,43
89060,22
89070,16
89080,60
89090,10
89100,40
89110,16
89120,22
89130,20
89140,58
89150,38
89160,59
89170,0
89180,59
89190,8
89200,48
89210,32
89220,28
89230,57
89240,5
89250,31
89260,7
89270,27
89280,17
89290,31
89300,39
89310,59
89320,51
89330,16
89340,42
89350,47
89360,36
89370,40
89380,45
89390,15
89400,28
89410,40
89420,25
89430,36
89440,6
89450,38
89460,13
89470,41
89480,8
89490,21
89500,52
89510,18
89520,8
89530,56
89540,51
89550,3
89560,28
89570,0
89580,1
89590,2
89600,14
89610,18
89620,37
89630,0
89640,4
89650,28
89660,34
89670,35
89680,48
89690,5
89700,15
89710,52
89720,39
89730,36
89740,57
89750,34
89760,37
89770,46
89780,56
89790,43
89800,3
89810,49
89820,4
89830,49
89840,11
89850,22
89860,36
89870,6
89880,42
89890,2
89900,42
89910,29
89920,6
89930,27
89940,44
89950,43
89960,43
89970,35
89980,23
89990,15
90000,57
90010,49
90020,10
90030,53
90040,50
90050,48
90060,4
90070,41
90080,15
90090,36
90100,43
90110,26
90120,29
90130,45
90140,25
90150,27
90160,31
90170,48
90180,25
90190,58
90200,29
90210,27
90220,36
90230,32
90240,6
90250,53
90260,3
90270,16
90280,13
90290,34
90300,38
90310,58
90320,57
90330,37
90340,48
90350,22
90360,16
90370,30
90380,5
90390,31
90400,33
90410,1
90420,16
90430,60
90440,16
90450,4
90460,33
90470,53
90480,4
90490,58
90500,14
90510,42
90520,33
90530,29
90540,22
90550,25
90560,49
90570,34
90580,41
90590,31
90600,10
90610,30
90620,19
90630,57
90640,20
90650,4
90660,29
90670,10
90680,23
90690,7
90700,13
90710,20
90720,37
90730,22
90740,16
90750,9
90760,38
90770,28
90780,1
90790,35
90800,51
90810,0
90820,25
90830,27
90840,29
90850,3
90860,54
90870,19
90880,10
90890,57
90900,37
90910,48
90920,18
90930,38
90940,24
90950,12
90960,27
90970,27
90980,24
90990,9
91000,4
91010,51
91020,52
91030,43
91040,18
91050,49
91060,16
91070,24
91080,52
91090,20
91100,0
91110,24
91120,51
91130,54
91140,12
91150,1
91160,39
91170,47
91180,34
91190,12
91200,55
91210,17
91220,29
91230,49
91240,6
91250,22
91260,2
91270,10
91280,33
91290,53
91300,45
91310,52
91320,16
91330,53
91340,0
91350,8
91360,23
91370,41
91380,13
91390,11
91400,12
91410,34
91420,18
91430,53
91440,17
91450,0
91460,56
91470,38
91480,10
91490,27
91500,14
91510,15
91520,49
91530,55
91540,7
91550,29
91560,49
91570,20
91580,27
91590,47
91600,55
91610,35
91620,3
91630,56
91640,39
91650,0
91660,36
91670,39
91680,52
91690,56
91700,15
91710,24
91720,4
91730,17
91740,7
91750,35
91760,43
91770,25
91780,47
91790,27
91800,46
91810,24
91820,49
91830,60
91840,23
91850,49
91860,2
91870,37
91880,53
91890,42
91900,21
91910,20
91920,2
91930,30
91940,23
91950,44
91960,44
91970,17
91980,56
91990,45
92000,59
92010,21
92020,2
92030,55
92040,30
92050,13
92060,49
92070,34
92080,26
92090,5
92100,57
92110,46
92120,27
92130,1
92140,58
92150,19
92160,19
92170,22
92180,3
92190,4
92200,31
92210,52
92220,41
92230,40
92240,17
92250,58
92260,13
92270,48
92280,52
92290,14
92300,9
92310,41
92320,59
92330,6
92340,26
92350,34
92360,30
92370,15
92380,35
92390,16
92400,3
92410,48
92420,12
92430,19
92440,5
92450,44
92460,37
92470,54
92480,55
92490,17
92500,4
92510,54
92520,43
92530,56
92540,57
92550,2
92560,13
92570,43
92580,49
92590,48
92600,49
92610,14
92620,51
92630,14
92640,42
92650,21
92660,58
92670,56
92680,53
92690,53
92700,26
92710,9
92720,24
92730,26
92740,31
92750,21
92760,21
92770,40
92780,19
92790,26
92800,15
92810,58
92820,52
92830,56
92840,6
92850,26
92860,10
92870,40
92880,55
92890,54
92900,40
92910,59
92920,46
92930,48
92940,17
92950,60
92960,45
92970,39
92980,19
92990,44
93000,50
93010,20
93020,5
93030,50
93040,35
93050,20
93060,0
93070,0
93080,49
93090,53
93100,59
93110,30
93120,3
93130,22
93140,9
93150,0
93160,54
93170,29
93180,15
93190,4
93200,49
93210,17
93220,19
93230,57
93240,55
93250,54
93260,16
93270,13
93280,11
93290,48
93300,60
93310,50
93320,52
93330,9
93340,8
93350,38
93360,43
93370,21
93380,29
93390,17
93400,56
93410,25
93420,24
93430,36
93440,26
93450,58
93460,12
93470,49
93480,40
93490,17
93500,26
93510,26
93520,26
93530,28
93540,8
93550,51
93560,25
93570,18
93580,38
93590,23
93600,31
93610,16
93620,31
93630,14
93640,25
93650,45
93660,42
93670,37
93680,7
93690,40
93700,3
93710,44
93720,13
93730,37
93740,38
93750,17
93760,14
93770,38
93780,23
93790,29
93800,45
93810,33
93820,29
93830,19
93840,35
93850,0
93860,52
93870,38
93880,54
93890,13
93900,52
93910,51
93920,20
93930,46
93940,11
93950,31
93960,41
93970,18
93980,3
93990,14
94000,17
94010,19
94020,54
94030,59
94040,52
94050,56
94060,39
94070,36
94080,55
94090,12
94100,43
94110,3
94120,4
94130,38
94140,14
94150,7
94160,3
94170,25
94180,19
94190,16
94200,4
94210,27
94220,28
94230,18
94240,58
94250,24
94260,54
94270,20
94280,45
94290,12
94300,51
94310,2
94320,21
94330,28
94340,41
94350,19
94360,31
94370,17
94380,47
94390,1
94400,39
94410,18
94420,37
94430,17
94440,9
94450,16
94460,6
94470,32
94480,44
94490,46
94500,28
94510,28
94520,57
94530,31
94540,50
94550,13
94560,6
94570,11
94580,32
94590,51
94600,10
94610,24
94620,29
94630,50
94640,51
94650,31
94660,22
94670,56
94680,23
94690,31
94700,1
94710,51
94720,17
94730,28
94740,57
94750,17
94760,0
94770,12
94780,24
94790,43
94800,9
94810,29
94820,0
94830,55
94840,30
94850,45
94860,22
94870,54
94880,45
94890,22
94900,52
94910,17
94920,16
94930,15
94940,47
94950,52
94960,35
94970,14
94980,16
94990,38
95000,32
95010,32
95020,31
95030,57
95040,58
95050,42
95060,25
95070,48
95080,19
95090,26
95100,31
95110,8
95120,20
95130,24
95140,18
95150,56
95160,17
95170,50
95180,11
95190,31
95200,14
95210,25
95220,43
95230,40
95240,60
95250,12
95260,58
95270,8
95280,53
95290,60
95300,30
95310,48
95320,32
95330,18
95340,7
95350,37
95360,10
95370,51
95380,39
95390,38
95400,59
95410,34
95420,15
95430,57
95440,54
95450,55
95460,45
95470,27
95480,45
95490,45
95500,28
95510,29
95520,50
95530,54
95540,3
95550,22
95560,32
95570,29
95580,2
95590,16
95600,16
95610,45
95620,45
95630,3
95640,2
95650,54
95660,57
95670,31
95680,29
95690,24
95700,30
95710,9
95720,10
95730,19
95740,43
95750,15
95760,18
95770,54
95780,8
95790,48
95800,35
95810,7
95820,44
95830,50
95840,9
95850,33
95860,17
95870,33
95880,30
95890,60
95900,3
95910,43
95920,25
95930,17
95940,17
95950,25
95960,45
95970,7
95980,24
95990,13
96000,18
96010,51
96020,15
96030,18
96040,30
96050,43
96060,22
96070,6
96080,40
96090,29
96100,57
96110,56
96120,52
96130,22
96140,23
96150,9
96160,13
96170,27
96180,3
96190,15
96200,32
96210,27
96220,32
96230,5
96240,7
96250,34
96260,31
96270,21
96280,3
96290,36
96300,56
96310,45
96320,30
96330,54
96340,25
96350,11
96360,57
96370,28
96380,9
96390,17
96400,12
96410,57
96420,13
96430,37
96440,12
96450,7
96460,0
96470,0
96480,4
96490,36
96500,45
96510,6
96520,22
96530,21
96540,0
96550,20
96560,1
96570,34
96580,26
96590,45
96600,26
96610,1
96620,9
96630,28
96640,44
96650,49
96660,0
96670,7
96680,22
96690,45
96700,30
96710,50
96720,12
96730,48
96740,13
96750,11
96760,43
96770,46
96780,11
96790,8
96800,2
96810,38
96820,51
96830,13
96840,51
96850,4
96860,28
96870,27
96880,2
96890,45
96900,22
96910,29
96920,15
96930,57
96940,17
96950,58
96960,48
96970,58
96980,51
96990,25
97000,31
97010,44
97020,55
97030,31
97040,47
97050,1
97060,24
97070,9
97080,30
97090,19
97100,10
97110,25
97120,37
97130,20
97140,39
97150,9
97160,11
97170,25
97180,44
97190,23
97200,11
97210,60
97220,21
97230,15
97240,24
97250,27
97260,2
97270,18
97280,30
97290,38
97300,3
97310,16
97320,60
97330,45
97340,37
97350,53
97360,36
97370,10
97380,30
97390,0
97400,15
97410,17
97420,45
97430,18
97440,13
97450,27
97460,41
97470,6
97480,6
97490,14
97500,36
97510,34
97520,13
97530,59
97540,49
97550,15
97560,46
97570,12
97580,52
97590,21
97600,27
97610,2
97620,50
97630,50
97640,33
97650,22
97660,3
97670,18
97680,15
97690,1
97700,8
97710,6
97720,40
97730,48
97740,28
97750,42
97760,17
97770,3
97780,21
97790,0
97800,50
97810,5
97820,26
97830,59
97840,58
97850,58
97860,50
97870,56
97880,7
97890,19
97900,47
97910,26
97920,42
97930,5
97940,43
97950,48
97960,53
97970,28
97980,53
97990,45
98000,48
98010,53
98020,41
98030,35
98040,37
98050,47
98060,29
98070,1
98080,39
98090,22
98100,35
98110,33
98120,45
98130,15
98140,32
98150,37
98160,49
98170,9
98180,47
98190,50
98200,45
98210,3
98220,41
98230,45
98240,6
98250,5
98260,14
98270,37
98280,23
98290,56
98300,44
98310,5
98320,58
98330,35
98340,10
98350,47
98360,15
98370,7
98380,7
98390,21
98400,1
98410,2
98420,19
98430,0
98440,36
98450,37
98460,32
98470,25
98480,52
98490,38
98500,28
98510,32
98520,31
98530,21
98540,47
98550,60
98560,16
98570,17
98580,31
98590,16
98600,2
98610,59
98620,12
98630,45
98640,45
98650,37
98660,5
98670,41
98680,2
98690,40
98700,30
98710,16
98720,23
98730,15
98740,58
98750,40
98760,9
98770,47
98780,13
98790,30
98800,48
98810,19
98820,51
98830,23
98840,46
98850,49
98860,36
98870,26
98880,12
98890,1
98900,42
98910,25
98920,48
98930,60
98940,29
98950,60
98960,23
98970,1
98980,35
98990,53
99000,27
99010,0
99020,33
99030,5
99040,40
99050,56
99060,17
99070,13
99080,28
99090,39
99100,59
99110,46
99120,38
99130,49
99140,34
99150,27
99160,14
99170,12
99180,27
99190,49
99200,32
99210,17
99220,45
99230,10
99240,50
99250,17
99260,32
99270,14
99280,23
99290,26
99300,54
99310,24
99320,5
99330,28
99340,17
99350,4
99360,22
99370,59
99380,24
99390,8
99400,2
99410,24
99420,13
99430,35
99440,46
99450,22
99460,44
99470,4
99480,20
99490,37
99500,32
99510,1
99520,60
99530,60
99540,49
99550,25
99560,50
99570,22
99580,28
99590,16
99600,32
99610,4
99620,19
99630,13
99640,4
99650,25
99660,14
99670,6
99680,35
99690,46
99700,14
99710,31
99720,21
99730,46
99740,55
99750,5
99760,34
99770,51
99780,7
99790,0
99800,43
99810,1
99820,29
99830,56
99840,48
99850,60
99860,26
99870,11
99880,7
99890,52
99900,43
99910,7
99920,54
99930,22
99940,51
99950,7
99960,26
99970,37
99980,4
99990,9
